CreditScore,Age,Tenure,Balance,NumOfProducts,HasCrCard,IsActiveMember,EstimatedSalary,geography_key,Gender,actual_churn,churn_probability
585,36,7,0.0,2,1,0,94283.09,1,1,0,0.08047667
525,33,4,131023.76,2,0,0,55072.93,2,1,0,0.21198732
557,40,4,0.0,2,0,1,105433.53,3,0,0,0.16528416
639,34,5,139393.19,2,0,0,33950.08,3,1,0,0.22821261
640,34,3,77826.8,1,1,1,168544.85,3,0,0,0.30747437
559,34,0,0.0,1,1,0,182988.94,3,1,0,0.54653585
595,30,9,130682.11,2,1,1,57862.88,2,1,0,0.16638348
706,29,6,185544.36,1,1,0,171037.63,2,0,0,0.6371314
505,49,7,80001.23,1,0,0,135180.11,1,1,0,0.7926693
714,40,0,0.0,2,1,0,62762.12,1,0,0,0.26074496
699,54,3,111009.32,1,1,1,155905.79,2,0,1,0.83301514
625,38,7,0.0,1,1,0,164804.02,1,0,0,0.5447258
721,35,10,0.0,2,1,0,71594.26,1,1,0,0.08220756
727,31,10,96997.09,2,0,0,76614.04,3,0,0,0.20440122
670,38,10,89416.99,1,0,0,144275.39,1,1,0,0.35973552
702,30,2,0.0,2,1,1,145537.32,3,1,0,0.04970365
633,42,1,0.0,2,1,0,56865.62,1,0,0,0.23098265
491,61,8,0.0,2,0,1,139861.53,3,0,0,0.35836557
617,58,3,119024.75,2,1,0,35199.24,2,0,1,0.9123016
572,35,1,139979.07,1,1,0,185662.84,2,0,0,0.65128946
551,52,1,0.0,1,0,0,63584.55,1,1,1,0.9190223
471,26,8,0.0,2,1,1,179655.87,3,1,0,0.07252466
466,26,3,156815.71,1,1,1,137476.09,1,1,0,0.16214283
588,44,8,154409.74,1,1,0,49324.03,1,1,1,0.5611436
778,34,7,109564.1,1,0,1,113046.81,1,0,0,0.21886708
729,34,3,152303.8,1,1,0,12128.69,1,1,0,0.27895066
776,43,4,0.0,2,0,1,162137.5,1,0,0,0.28453615
664,35,1,115024.5,1,0,1,169665.79,3,1,0,0.24809805
523,36,8,158351.02,2,1,0,155304.53,1,1,0,0.21420461
733,39,5,91538.51,1,1,1,93783.0,2,1,0,0.457037
693,30,6,127992.25,1,1,1,50457.2,1,0,0,0.22323526
614,46,4,0.0,1,1,0,74379.57,1,1,1,0.78030914
775,45,8,0.0,1,1,0,130376.68,1,1,0,0.7865628
633,43,5,0.0,2,1,1,48249.88,1,1,0,0.1549406
676,43,2,0.0,1,1,1,55119.53,1,0,0,0.6656219
768,26,5,51116.26,1,1,1,70454.79,1,0,1,0.25352502
727,29,1,146652.01,1,1,1,173486.39,1,0,0,0.2081355
629,40,6,0.0,2,1,1,139356.3,1,0,0,0.20688638
702,43,6,116121.67,1,1,0,61602.42,3,1,0,0.6656604
796,52,9,167194.36,1,1,1,62808.93,2,0,1,0.7898576
530,41,4,0.0,2,0,1,147606.71,3,0,0,0.20101887
510,32,1,0.0,2,0,1,28515.17,1,0,0,0.093769595
709,44,9,128601.98,1,1,0,117031.2,1,1,0,0.6379193
642,40,6,129502.49,2,0,1,86099.23,2,0,1,0.41324374
655,30,1,83173.98,2,1,1,184259.6,2,0,0,0.15342441
464,33,10,147493.7,2,1,0,100447.53,1,0,0,0.19665718
617,61,3,113858.95,1,1,1,38129.22,3,1,0,0.50744045
655,46,7,137145.12,1,1,0,115146.4,2,0,1,0.8680086
709,26,6,156551.63,1,0,1,4410.77,1,1,0,0.16185275
642,48,9,118317.27,4,0,0,78702.98,1,1,1,0.9306861
741,42,9,121056.63,2,1,0,39122.58,3,0,0,0.40381846
415,53,5,167259.44,1,1,1,22357.25,3,1,0,0.5471583
684,30,2,0.0,2,1,0,83473.82,1,1,0,0.070580125
706,29,2,0.0,2,1,1,18255.51,3,1,0,0.059849054
634,45,2,0.0,1,1,1,143458.31,1,0,0,0.7678489
813,29,6,0.0,1,1,0,33953.87,1,1,0,0.34063172
775,70,6,119684.88,2,1,1,74532.02,2,1,0,0.31131884
445,31,7,145056.59,1,1,1,175893.53,1,1,0,0.21416503
701,37,8,107798.85,1,1,0,16966.73,1,1,0,0.3278127
752,33,4,0.0,2,1,1,39570.78,1,1,0,0.052612334
723,21,4,0.0,2,0,0,24847.02,1,1,0,0.056190945
806,34,6,0.0,2,0,0,100809.99,1,1,0,0.065534584
625,49,6,173434.9,1,1,0,165580.93,1,1,1,0.8003355
712,44,2,0.0,2,0,0,45738.94,3,0,0,0.2908655
571,22,3,108117.1,1,0,1,53328.7,3,0,0,0.3264418
639,37,4,116121.84,2,0,1,181850.74,1,0,0,0.36678347
627,44,5,0.0,2,1,0,82969.61,1,0,1,0.26377207
630,32,4,82034.0,1,0,0,146326.45,3,1,0,0.29457474
578,23,8,0.0,2,1,0,112124.98,3,1,0,0.06214367
679,39,6,0.0,2,1,0,12266.06,3,1,0,0.08457454
767,35,6,115576.44,1,0,1,27922.45,1,0,0,0.2810421
762,35,3,119349.69,3,1,1,47114.18,3,0,1,0.91756785
734,39,6,0.0,1,1,1,95135.27,3,1,0,0.3728719
659,67,6,117411.6,1,1,1,45071.09,2,1,1,0.3174284
575,49,7,121205.15,4,1,1,168080.53,2,1,1,0.9553148
580,35,1,102097.33,1,0,1,168285.85,1,0,0,0.26762253
766,41,0,0.0,2,0,1,34283.23,3,1,0,0.10905728
850,38,3,54901.01,1,1,1,140075.55,2,1,0,0.38333791
749,42,1,129776.72,2,0,1,143538.51,1,1,0,0.23414202
746,48,5,165282.42,1,1,0,153786.46,1,1,1,0.77402025
718,37,8,0.0,2,1,1,142.81,1,1,0,0.123812854
642,26,8,144238.7,1,1,1,184399.76,3,1,0,0.257221
558,33,0,108477.49,1,1,1,109096.71,1,1,1,0.14359283
531,64,2,175754.87,2,1,1,60721.4,2,0,0,0.3370117
748,41,2,91621.69,1,1,1,71139.31,1,0,0,0.44653526
664,36,1,0.0,2,1,1,95372.64,1,1,0,0.062067136
511,75,9,105609.17,1,0,1,105425.18,2,0,0,0.29517227
635,47,2,125724.95,2,1,0,63236.97,1,0,0,0.65255797
571,34,1,99325.04,2,0,1,186052.15,1,1,0,0.12887909
698,57,6,136325.48,2,1,1,72549.27,1,1,1,0.42437944
636,76,9,126534.6,1,1,1,39789.62,3,1,0,0.13364276
538,33,5,0.0,2,1,0,126962.41,1,0,0,0.10139981
738,67,1,130652.52,1,0,1,22762.23,1,0,0,0.33680758
662,20,9,104508.77,2,0,0,73107.53,3,1,0,0.20261516
555,44,3,105770.7,3,1,0,60533.96,1,0,1,0.9659393
531,27,8,132576.25,1,0,0,7222.92,3,1,0,0.37782076
593,32,9,134096.53,2,1,0,53931.05,2,0,1,0.24037032
579,28,6,150329.15,1,1,0,145558.42,2,1,0,0.44547117
706,32,6,94486.47,1,1,1,146949.74,1,1,0,0.14552869
754,28,8,0.0,2,1,1,52615.62,1,1,0,0.05430316
653,31,9,143321.97,1,1,0,83679.46,2,1,0,0.50154704
558,26,1,148853.29,2,1,1,24411.02,2,1,0,0.15300724
589,39,7,0.0,2,0,0,95985.64,1,0,0,0.17858528
670,65,1,0.0,1,1,1,177655.68,3,0,1,0.4694619
714,35,6,126077.43,2,1,1,53954.24,2,0,0,0.3394411
547,51,1,0.0,2,1,1,56908.41,1,0,0,0.3673609
761,37,7,132730.17,1,1,0,199293.01,3,1,0,0.3659538
591,24,6,147360.0,1,1,1,25310.82,1,1,0,0.1662377
714,31,4,125169.26,1,1,1,106636.89,1,0,0,0.20512933
629,35,7,156847.29,2,1,0,31824.29,2,1,0,0.1903985
643,36,7,161064.64,2,0,1,84294.82,1,1,0,0.19264282
445,38,6,119413.62,2,1,0,175756.36,2,0,0,0.47969058
501,34,3,107747.57,1,1,0,9249.36,1,0,0,0.2567669
686,43,5,154846.24,2,1,1,151903.6,2,0,0,0.5013439
500,30,2,125495.64,2,1,1,68807.47,2,1,0,0.15986343
703,39,1,141559.5,1,1,1,31257.1,2,1,1,0.50063324
730,34,5,122453.37,2,1,0,138882.98,1,1,0,0.15630393
433,27,2,0.0,2,1,1,153698.65,3,1,0,0.05808968
521,41,8,120586.54,1,0,1,20491.15,2,1,0,0.59280145
791,33,10,130229.71,2,0,0,54019.93,2,0,1,0.24837984
757,38,0,0.0,1,1,0,83263.06,1,1,0,0.4690527
447,44,5,89188.83,1,1,1,75408.24,1,0,0,0.58886325
792,30,1,127187.86,1,1,1,113553.42,1,1,0,0.13570882
817,59,1,118962.58,1,1,1,120819.58,1,1,0,0.59086174
607,33,8,91301.72,1,0,1,130824.57,1,0,0,0.19909948
601,41,1,123971.16,1,0,1,172814.99,1,1,0,0.39998162
536,32,7,178011.5,2,1,0,22375.14,1,1,0,0.21048427
554,36,3,157780.93,2,1,0,6089.13,2,0,0,0.25012466
577,60,10,125389.7,2,1,1,178616.73,1,1,0,0.37580878
608,41,5,0.0,2,1,1,72462.25,1,0,0,0.18529314
732,33,8,0.0,1,1,0,119882.7,3,1,0,0.47420073
789,53,1,158271.74,1,1,1,5036.39,1,0,1,0.70783776
552,34,5,0.0,2,1,1,1351.41,1,0,0,0.10540491
621,40,10,163823.37,1,0,0,89519.47,1,1,0,0.5079142
766,52,7,92510.9,2,0,1,66193.61,1,0,0,0.57546514
685,43,4,97392.18,2,1,0,43956.83,3,1,0,0.41727167
649,38,8,0.0,1,1,0,103760.53,3,0,0,0.57837987
493,36,2,0.0,2,0,1,99770.3,1,0,0,0.11224315
633,35,10,0.0,2,1,0,65675.47,1,1,0,0.080985405
742,33,1,137937.95,1,1,1,51387.1,2,1,0,0.39143297
604,41,10,0.0,2,1,1,166224.39,3,0,0,0.24683301
759,42,4,105420.18,1,0,1,121409.06,1,1,0,0.37802503
683,35,6,187530.66,2,1,1,37976.36,1,0,0,0.37085277
678,28,2,109137.12,1,1,1,58814.41,1,1,0,0.17291322
628,31,0,88421.81,1,0,0,72350.47,1,1,0,0.21384083
850,36,6,0.0,2,1,1,190194.95,1,0,0,0.11949679
724,34,2,0.0,2,1,1,118863.38,1,0,0,0.095215976
828,31,9,0.0,1,0,1,164257.37,1,1,0,0.251027
569,30,3,139528.23,1,1,1,33230.37,3,0,0,0.31991217
677,49,3,0.0,2,1,1,187811.71,1,0,0,0.31442192
495,38,2,63093.01,1,1,1,47089.72,1,0,0,0.37112772
627,33,4,83199.05,1,0,0,159334.93,2,0,0,0.4634442
597,36,9,0.0,2,1,1,7156.09,1,0,0,0.12619163
762,31,7,117687.35,1,1,1,159344.43,1,1,0,0.14843337
476,69,1,105303.73,1,0,1,134260.34,3,0,0,0.33702105
499,35,10,0.0,2,1,0,10722.54,1,1,0,0.08259722
642,62,7,0.0,2,1,1,61120.75,1,1,0,0.14374067
562,62,3,0.0,2,1,0,105986.01,1,1,0,0.7817646
542,25,7,0.0,2,0,1,82393.08,1,0,0,0.084174335
451,31,7,140931.82,1,0,1,20388.77,1,0,0,0.21606754
712,37,1,106881.5,2,0,0,169386.81,1,0,0,0.38134855
565,34,6,0.0,1,1,1,63173.64,1,1,0,0.31773788
732,36,9,0.0,1,0,0,3749.0,1,0,1,0.4453745
771,51,5,135506.58,3,1,1,152479.64,3,1,1,0.9541402
655,41,5,0.0,1,0,0,36548.0,1,0,1,0.6726068
683,38,3,126152.84,1,0,0,15378.75,3,1,0,0.4127529
764,38,4,113607.47,1,1,0,91094.46,3,1,0,0.38638136
438,60,7,78391.17,1,0,1,49424.6,1,1,0,0.45126113
762,35,9,122929.42,2,0,0,149822.04,3,1,0,0.2379119
622,39,9,0.0,2,0,1,100862.36,3,1,0,0.06060518
660,33,1,0.0,2,0,0,117834.91,3,0,0,0.10234007
498,30,1,0.0,2,0,0,135795.53,1,0,0,0.10178772
591,29,6,0.0,2,1,1,108684.65,1,1,0,0.05287937
554,37,4,58629.97,1,0,0,182038.6,2,0,0,0.6650974
506,34,4,90307.62,1,1,1,159235.29,1,0,0,0.24133763
505,25,5,114268.85,2,1,1,126728.27,2,0,0,0.2121561
633,30,6,0.0,2,0,0,41642.29,1,0,0,0.09748115
636,24,9,0.0,2,0,1,38830.72,1,0,0,0.08434317
768,36,5,180169.44,2,1,0,17348.56,1,0,0,0.30070242
712,43,1,141749.74,2,0,1,90905.26,2,1,0,0.44387946
593,74,5,161434.36,2,1,1,65532.17,2,1,0,0.1451764
708,38,8,99640.89,1,1,0,12429.22,3,1,0,0.36114055
529,43,0,123815.86,1,1,1,78463.99,1,0,1,0.63646257
579,42,0,144386.32,1,1,1,22497.1,2,1,1,0.5859101
815,24,7,171922.72,1,0,1,178028.96,1,1,0,0.2440123
606,40,1,144757.97,2,1,1,166656.18,2,1,0,0.25081518
608,63,3,139529.93,2,1,1,175696.16,3,0,1,0.48400477
648,40,5,139973.65,1,1,1,667.66,2,0,1,0.6295949
482,35,5,147813.05,2,0,0,109029.72,1,0,0,0.2411427
625,45,7,137555.44,1,0,0,124607.7,1,1,0,0.71661955
610,27,2,0.0,2,1,0,14546.76,1,0,0,0.09692908
548,29,5,83442.98,1,0,1,177017.39,1,1,0,0.18224373
850,32,5,106290.64,1,1,0,121982.73,1,0,0,0.23977435
580,55,6,104305.74,1,0,1,175750.21,1,1,0,0.6844249
652,27,10,107303.72,2,0,0,44435.76,1,1,0,0.12711692
687,29,7,93617.07,1,0,1,113050.92,3,0,0,0.26428813
539,30,0,0.0,2,1,0,160979.66,1,1,0,0.09972486
470,39,5,117469.91,2,0,0,63705.9,2,1,0,0.3582025
514,41,7,0.0,2,1,1,3756.65,1,0,0,0.18947874
534,24,1,0.0,1,1,1,169653.32,1,1,0,0.26358104
661,37,7,109908.06,2,1,0,115037.67,2,1,1,0.34725228
464,37,4,155994.15,1,0,0,143665.44,2,1,0,0.5178358
627,25,4,0.0,1,1,1,194313.93,3,0,0,0.36260855
781,35,7,92526.15,2,1,1,173837.54,2,1,0,0.1556677
555,41,10,113270.2,2,1,1,185387.14,2,1,0,0.24286526
619,23,5,132725.1,1,1,1,143913.33,2,1,0,0.33728597
775,38,6,179886.41,2,0,0,153122.58,2,0,0,0.36314735
671,44,0,84745.03,2,0,1,34673.98,2,0,0,0.5940837
735,36,5,0.0,2,1,0,105152.17,3,1,0,0.081043735
724,30,9,142475.87,1,1,1,107848.24,1,0,0,0.1919778
662,39,5,139562.05,2,1,0,61636.22,1,0,0,0.32670408
657,37,6,95845.6,1,1,0,122218.23,1,0,0,0.43006492
809,33,9,0.0,1,1,1,124045.65,3,1,0,0.30479518
501,35,6,99760.84,1,1,1,13591.52,1,1,0,0.20011227
564,36,7,206329.65,1,1,1,46632.87,1,0,1,0.55981964
635,33,1,0.0,3,0,0,178067.33,1,1,1,0.8735841
790,33,10,135120.72,1,0,0,195204.99,1,0,0,0.26075166
656,37,7,112291.34,1,1,0,153157.97,1,1,0,0.32350335
679,60,8,0.0,2,1,1,51380.9,1,1,0,0.14182407
692,66,4,159732.02,1,1,1,118188.15,1,1,0,0.2094159
710,38,2,0.0,2,1,0,96.27,1,1,0,0.14425272
769,26,7,0.0,2,1,0,176843.53,1,0,0,0.111672804
666,34,9,115897.12,1,1,1,25095.03,1,0,0,0.21601541
691,52,3,0.0,1,1,0,175843.68,1,1,1,0.9292699
604,36,6,116229.85,2,1,1,79633.38,1,1,0,0.1785121
544,37,3,84496.71,1,0,0,79972.09,1,1,0,0.35426918
609,32,7,118520.41,1,0,0,3815.48,1,1,0,0.1948921
597,35,0,127510.99,1,1,1,155356.34,3,1,0,0.23717365
549,25,5,0.0,2,0,0,190857.79,1,0,0,0.109639265
722,49,3,168197.66,1,1,0,140765.57,1,0,1,0.8308588
806,18,3,0.0,2,1,1,86994.54,3,1,0,0.047357112
517,53,0,109172.88,1,1,0,54676.1,2,1,1,0.9360888
651,56,2,0.0,1,1,0,114522.68,1,1,1,0.9349643
803,40,6,165526.71,1,1,0,12328.08,1,0,0,0.5238308
747,37,1,0.0,2,0,1,180551.76,3,1,0,0.07133627
648,33,5,138664.24,1,1,0,29076.27,2,1,0,0.52309096
438,36,4,0.0,2,1,0,64420.5,1,0,0,0.15932941
781,29,6,98759.89,1,0,0,112202.64,3,0,0,0.39417157
610,57,6,106938.11,2,0,1,186612.47,2,1,0,0.5557438
628,39,6,0.0,2,0,0,134441.6,1,1,0,0.09478496
601,24,7,0.0,2,0,0,144660.42,3,1,0,0.056784205
629,31,6,0.0,1,1,1,16447.6,1,0,1,0.32921904
738,62,10,83008.31,1,1,1,42766.03,2,1,0,0.52410895
850,30,5,123210.56,2,1,1,102180.27,2,1,0,0.15246823
587,46,9,107850.82,1,1,0,139431.0,2,1,1,0.8570976
574,34,1,112572.39,1,0,0,165626.6,1,1,0,0.19232845
535,45,2,0.0,2,0,1,170621.55,1,0,0,0.39083254
565,32,9,0.0,2,1,0,5388.3,1,1,0,0.05935216
469,52,8,139493.25,3,0,0,150093.32,2,0,1,0.97656995
566,42,3,108010.78,1,1,1,157486.1,1,1,0,0.39819103
732,33,8,111379.55,1,1,1,45098.62,3,0,0,0.34327534
459,26,4,149879.66,1,0,0,50016.17,1,1,0,0.2711449
798,37,8,0.0,3,0,0,110783.28,1,1,0,0.4888004
487,61,5,110368.03,1,0,0,11384.45,2,0,1,0.95453304
678,38,2,0.0,2,0,0,115068.99,1,0,0,0.17246433
850,37,6,0.0,2,1,0,109291.22,1,1,0,0.09381047
755,33,6,90560.3,2,1,1,42607.69,2,0,0,0.20505472
743,32,6,140348.56,2,1,1,163254.39,2,0,0,0.22380856
567,46,1,68238.51,2,1,1,109572.58,2,0,0,0.5577756
814,36,6,0.0,2,1,1,98657.01,1,0,0,0.110460594
543,42,4,89838.71,3,1,0,85983.54,1,1,1,0.9351136
663,44,2,117028.6,2,0,1,144680.18,2,1,0,0.4858107
621,51,4,109978.83,1,0,0,177740.58,2,1,1,0.9220519
666,38,6,99812.88,2,1,1,158357.97,2,1,0,0.21191406
600,30,2,119755.0,1,1,1,21852.91,2,1,0,0.39570105
699,41,1,200117.76,2,1,0,94142.35,2,0,0,0.38130367
569,30,6,106629.49,1,0,1,44114.88,2,1,0,0.41094124
702,36,9,90560.48,2,1,0,174268.87,2,1,0,0.21519272
832,29,5,0.0,2,1,0,178779.52,1,0,0,0.10269171
616,66,1,135842.41,1,1,0,183840.51,1,0,1,0.90600914
638,34,7,0.0,2,1,1,198969.78,1,0,0,0.109121464
582,29,4,0.0,2,0,0,156153.27,1,1,0,0.059864525
627,73,0,146329.73,1,0,1,43615.67,1,1,0,0.08728896
722,30,5,0.0,2,1,0,166376.54,1,1,0,0.065775074
483,41,1,118334.44,1,0,0,163147.99,2,1,1,0.71193844
644,24,8,92760.55,1,1,0,35896.75,1,0,0,0.24971054
684,39,4,207034.96,2,0,0,157694.76,3,1,1,0.30535883
850,34,6,0.0,1,0,1,52796.31,1,1,0,0.2866976
625,39,3,130786.92,1,0,1,121316.07,1,0,0,0.40794146
814,31,4,0.0,2,1,1,142029.17,1,0,0,0.09413469
490,33,5,96341.0,2,0,0,108313.34,2,1,0,0.14391579
469,37,9,96776.49,1,1,1,119890.86,3,1,0,0.2127891
592,39,7,0.0,2,1,0,83084.33,1,1,0,0.09495747
718,27,2,0.0,2,0,0,26229.24,1,1,0,0.05837942
545,26,1,0.0,2,1,1,199638.56,1,0,0,0.10168325
726,53,1,113537.73,1,0,1,28367.21,1,0,0,0.77074546
660,39,9,134599.33,2,1,0,183095.87,2,1,0,0.268213
762,32,10,191775.65,1,1,0,179657.83,1,1,0,0.52218646
628,33,6,0.0,2,0,0,184230.23,1,1,0,0.07529966
563,39,5,0.0,2,1,1,17603.81,1,0,0,0.18328132
666,32,10,112536.57,2,1,1,34350.54,1,0,0,0.1806947
636,43,6,0.0,2,1,0,43128.95,1,1,0,0.17328377
850,45,5,103909.86,1,1,0,60083.11,2,0,1,0.84586185
632,60,2,0.0,2,0,1,2085.32,1,1,0,0.25546515
756,27,8,0.0,2,1,1,157932.75,1,1,0,0.050729863
659,50,3,0.0,1,1,0,183399.12,1,0,1,0.89117056
733,38,3,157658.36,1,0,0,19658.43,1,0,0,0.4098603
651,47,2,0.0,2,1,1,119808.64,3,1,0,0.21340467
630,40,7,0.0,2,1,1,34453.17,1,0,0,0.17998149
711,32,1,0.0,2,1,0,126188.42,1,0,0,0.10479878
593,45,6,79259.75,1,1,0,55347.28,3,0,0,0.785445
560,50,3,0.0,2,1,0,84531.79,1,1,0,0.47531497
704,24,7,113034.22,1,1,0,162503.48,2,0,1,0.5914457
598,38,1,101487.18,1,1,1,75959.1,2,1,1,0.48607644
829,36,4,81795.74,2,1,0,90106.94,2,1,0,0.16090187
592,37,7,0.0,2,1,1,126726.33,1,0,0,0.12503305
516,31,7,0.0,1,1,0,47018.75,3,0,0,0.51142436
603,48,5,0.0,1,1,0,100478.6,1,0,1,0.84875387
657,22,6,0.0,3,0,1,168412.07,3,0,1,0.79975045
847,41,3,101543.51,4,1,0,16025.17,2,0,1,0.9338978
481,34,5,0.0,2,1,1,125253.46,1,0,0,0.08585662
711,38,10,0.0,2,0,0,53311.78,1,1,0,0.10810699
678,32,5,0.0,2,1,0,90284.47,1,0,0,0.11668612
617,46,3,106521.49,1,0,1,86587.37,3,0,0,0.6011871
756,26,5,101641.14,2,0,1,154460.68,1,0,0,0.18798769
808,32,1,0.0,2,1,1,46200.71,1,1,0,0.051589537
574,33,8,100267.03,1,1,0,103006.27,1,1,0,0.22630993
688,39,0,0.0,2,1,0,53222.15,1,0,1,0.23059426
671,48,9,116711.06,2,0,0,76373.38,2,0,0,0.7382264
582,32,4,0.0,2,1,0,59668.81,1,0,0,0.10591512
670,45,9,104930.38,1,1,0,155921.81,1,0,1,0.7816547
795,36,1,151844.64,1,1,1,135388.89,1,0,0,0.270039
554,30,9,0.0,2,1,1,40320.3,1,0,0,0.085170686
484,50,2,90408.16,2,0,0,48170.57,1,0,0,0.7357402
603,51,8,186825.57,1,1,0,93739.71,1,1,1,0.88147396
778,33,1,0.0,2,1,0,85439.73,1,1,0,0.06560783
661,42,9,75361.44,1,1,0,27608.12,3,0,1,0.66296464
667,44,8,122277.87,1,1,1,91810.71,1,1,0,0.52843165
675,21,8,98373.26,1,1,0,18203.0,1,0,0,0.23294163
715,42,6,0.0,2,1,1,128745.69,3,1,0,0.08627148
495,40,1,140197.71,2,1,0,150720.39,1,0,0,0.41499722
680,30,8,141441.75,1,1,1,16278.97,1,0,0,0.21610513
711,52,8,145262.54,1,0,1,131473.31,2,0,0,0.8180975
563,34,6,0.0,2,0,0,36536.93,1,0,0,0.092916526
655,37,4,108862.76,1,1,0,79555.08,2,0,1,0.66984934
834,49,2,131394.56,1,0,0,194365.76,1,0,1,0.78868437
503,28,5,0.0,2,1,0,125918.17,1,0,0,0.095990166
668,30,8,0.0,2,1,0,138465.7,3,0,0,0.10833507
834,57,8,112281.6,3,1,0,140225.14,2,0,1,0.9790303
526,36,0,0.0,2,1,0,97767.63,1,0,0,0.1616827
576,19,6,0.0,2,0,0,72306.07,3,1,0,0.06120547
480,25,3,174330.35,2,0,0,181647.13,2,0,0,0.20717297
670,50,8,138340.06,1,0,1,3159.15,1,0,0,0.7189159
660,30,7,146301.31,1,0,0,96847.91,1,1,0,0.2755558
651,45,6,86714.06,1,1,0,85869.89,2,0,1,0.85349363
844,56,5,99529.7,1,0,1,157230.06,3,1,1,0.60756814
680,36,3,116275.12,1,1,1,63795.8,1,1,0,0.2429623
850,53,7,65407.16,2,0,0,182633.63,3,0,1,0.8258998
644,44,8,106022.73,2,0,0,148727.42,2,0,0,0.6012331
535,29,2,112367.34,1,1,0,185630.76,1,0,0,0.3086344
655,29,9,0.0,2,0,1,85736.26,3,0,0,0.088239215
609,39,8,141675.23,1,0,1,175664.25,1,0,0,0.48602936
633,42,10,0.0,1,0,1,79408.17,3,1,0,0.4533192
550,33,4,118400.91,1,0,1,13999.64,2,1,1,0.42776883
665,27,2,147435.96,1,0,0,187508.06,2,0,0,0.543676
640,40,8,110340.68,1,1,1,157886.6,1,1,0,0.33908546
625,36,3,0.0,2,1,0,41295.1,1,0,1,0.12831508
633,40,5,86172.81,2,1,1,117279.49,2,1,0,0.24866062
745,40,3,88466.82,1,0,0,116331.42,3,1,0,0.5629333
777,30,4,0.0,2,0,1,115611.97,1,0,0,0.09464612
755,36,8,0.0,2,1,0,176809.87,1,1,0,0.08623138
705,30,1,0.0,1,1,1,181300.32,1,1,0,0.3456018
786,29,4,0.0,2,1,0,103372.79,1,0,0,0.105605654
758,68,6,112595.85,1,1,0,35865.44,2,1,1,0.8853177
604,27,9,101352.78,1,0,0,30252.3,3,1,0,0.31468815
797,30,10,69413.44,1,1,1,74637.57,1,1,0,0.15167497
489,31,7,139395.08,1,0,1,6120.84,1,0,0,0.19472203
621,41,5,104631.67,1,1,1,95551.22,3,1,0,0.2722879
608,26,1,106648.98,1,0,1,7063.6,2,1,0,0.39902863
480,42,1,152160.21,2,1,0,101778.9,1,0,0,0.37555173
504,42,7,131287.36,2,1,1,149697.78,2,1,0,0.284224
663,22,9,0.0,1,1,0,29135.89,3,0,1,0.48381215
632,32,1,0.0,2,1,0,19525.65,3,0,0,0.14255853
845,33,8,164385.53,1,1,0,150664.97,1,1,0,0.28394374
587,39,6,101851.8,2,1,0,7103.71,2,0,0,0.37168527
568,46,8,150836.92,1,0,0,64516.8,2,1,1,0.8469119
766,28,4,90696.78,1,0,1,21597.2,2,0,0,0.4226577
633,59,2,103996.74,1,1,1,103159.11,1,1,0,0.5512445
746,37,4,0.0,2,0,1,171039.56,1,0,0,0.16857865
768,25,6,0.0,2,1,1,21215.67,1,1,0,0.049819645
635,38,0,103257.14,1,0,0,158344.63,3,1,0,0.37442082
529,27,1,0.0,2,1,1,37769.98,1,0,0,0.08743991
625,39,2,0.0,2,1,0,100403.05,1,1,0,0.09549311
697,42,10,0.0,2,1,0,61312.15,1,0,0,0.28226703
673,25,3,108244.82,2,1,1,103573.96,2,0,0,0.2684826
708,42,9,176702.36,2,1,1,104804.74,2,1,0,0.24264044
697,33,1,87347.7,1,1,0,172524.51,1,0,0,0.2949317
573,26,8,86270.93,2,1,1,90177.3,1,1,0,0.12175133
682,46,7,128029.72,1,1,1,62615.35,3,1,0,0.5678163
647,44,4,93960.35,1,1,0,36579.53,2,1,1,0.80047107
797,33,10,83555.58,1,0,0,69767.14,2,0,0,0.46815923
651,37,9,114453.58,1,0,1,175820.91,2,1,0,0.50827616
501,43,6,104533.24,1,0,0,81123.59,3,1,1,0.64219254
727,26,9,121508.28,1,1,1,146785.44,1,0,0,0.21660672
683,56,7,50911.21,3,0,0,97629.31,3,1,1,0.9546988
770,33,6,0.0,2,1,1,126131.9,1,0,0,0.08980943
568,26,6,0.0,2,0,0,166495.2,3,0,0,0.107903354
577,48,6,179852.26,1,1,0,193580.32,3,1,0,0.82237625
608,34,3,106288.54,1,1,1,36639.25,2,1,0,0.3991642
679,28,9,0.0,2,0,1,61761.77,3,0,0,0.10368988
544,45,6,0.0,2,0,1,151401.33,1,0,0,0.32786533
620,29,9,0.0,2,1,0,13133.88,3,1,0,0.061517924
588,30,0,110148.49,1,1,0,5790.9,2,0,1,0.64936835
757,31,1,127320.36,3,1,0,163170.32,2,1,0,0.9097873
775,30,4,0.0,2,0,1,57461.13,3,1,0,0.057257246
718,44,1,133866.22,1,0,1,139049.24,1,0,0,0.6500105
690,35,6,112689.95,1,1,0,176962.31,1,1,0,0.2826212
613,21,7,105627.95,1,1,1,36560.51,1,0,0,0.16527769
699,43,3,80764.03,1,1,0,199378.58,1,0,1,0.652414
727,43,2,97403.18,1,1,1,107415.02,3,1,1,0.44323462
850,66,4,0.0,2,0,1,64350.8,1,1,0,0.07851588
581,31,3,0.0,2,0,0,89040.61,1,1,0,0.067077875
513,42,10,0.0,2,0,1,73151.25,3,0,0,0.2230326
620,61,5,0.0,1,0,0,31641.52,1,1,1,0.93762463
726,38,5,126875.62,1,1,0,128052.29,1,0,0,0.44300202
709,34,2,111669.68,1,1,0,57029.66,1,0,0,0.30926353
804,24,3,0.0,2,1,0,173195.33,1,1,0,0.05826247
850,28,9,0.0,2,1,0,185821.41,1,0,0,0.106970415
670,31,2,57530.06,1,1,1,181893.31,1,0,1,0.27704075
841,31,3,162701.65,2,1,1,126794.56,1,0,0,0.10530534
628,45,6,53667.44,1,1,0,115022.94,2,0,0,0.84259605
675,49,8,135133.39,1,0,1,179521.24,1,1,1,0.6429405
567,40,7,122265.24,1,1,0,138552.74,2,1,0,0.7170665
672,40,3,0.0,1,1,0,113171.61,1,0,1,0.68103516
581,46,1,0.0,2,1,0,104272.04,3,0,0,0.350161
584,29,4,0.0,2,1,0,88866.92,3,0,0,0.10589882
644,28,0,0.0,2,1,0,119419.37,3,1,0,0.11330824
661,27,3,0.0,2,1,1,76889.79,1,0,0,0.09099713
667,24,4,0.0,2,0,1,34335.55,1,0,0,0.08843139
630,30,3,0.0,2,0,1,10486.69,3,1,0,0.06523147
656,43,7,134919.85,1,1,0,194691.95,1,1,0,0.6157023
686,31,1,0.0,2,1,0,4802.25,1,0,0,0.101444766
730,38,0,38848.19,2,0,0,94003.11,2,1,0,0.14872558
664,58,5,98668.18,1,1,1,60887.58,1,1,0,0.5784795
616,41,1,103560.57,1,1,0,236.45,2,0,1,0.7191813
718,63,7,123204.88,1,1,1,100538.8,2,1,0,0.6192847
717,53,6,0.0,2,0,1,97614.87,1,1,0,0.22025438
656,35,6,0.0,2,1,0,1485.27,1,1,0,0.09572574
687,31,2,0.0,2,0,1,145411.39,1,0,0,0.11080616
649,52,8,49113.75,1,1,0,41858.43,1,0,0,0.91897047
697,45,1,0.0,2,1,0,46807.62,1,0,1,0.3332966
659,36,2,76190.48,2,1,1,149066.14,2,1,0,0.15233809
587,33,8,148163.57,1,0,0,122925.4,1,1,0,0.27540466
613,44,3,0.0,2,0,1,136491.72,1,1,0,0.16582324
733,33,3,0.0,1,1,1,7666.73,1,1,0,0.26968926
517,46,4,0.0,1,1,0,22372.78,3,1,0,0.8004946
584,66,5,0.0,1,1,0,49553.38,1,0,1,0.9201197
728,43,5,0.0,1,1,1,120088.17,3,0,0,0.6118468
777,34,5,96693.66,1,1,1,172618.52,2,0,0,0.45690572
619,44,6,52831.13,1,1,1,112649.22,3,0,1,0.6278735
733,36,1,0.0,2,0,1,108377.82,3,1,0,0.06378578
430,31,5,0.0,1,1,0,95655.16,1,1,0,0.38473094
580,45,8,103741.14,1,1,0,47428.73,2,1,1,0.8609668
665,32,1,132178.67,1,0,0,11865.76,2,1,0,0.52883375
502,45,0,0.0,1,0,0,84663.21,1,1,0,0.79990935
585,56,4,138227.19,2,1,1,55287.84,1,1,0,0.4647103
626,44,10,0.0,2,0,0,164287.86,1,1,0,0.19157642
753,47,1,131160.85,1,1,0,197444.69,2,0,0,0.87060386
535,49,3,0.0,1,0,0,61820.41,1,0,1,0.8717228
751,52,8,0.0,2,0,1,179291.85,3,1,0,0.21310566
478,36,3,92363.3,2,1,0,44912.7,3,0,0,0.28271732
643,45,4,45144.43,1,1,0,60917.24,1,0,1,0.7987533
743,59,5,108585.35,1,1,1,192127.22,2,1,1,0.7126072
699,53,4,0.0,2,0,1,111307.98,1,1,0,0.22753909
668,46,0,0.0,2,0,0,29388.02,1,1,0,0.29812467
500,38,7,0.0,2,0,0,192013.23,3,1,0,0.08922141
555,62,10,114822.64,1,0,1,8444.5,2,0,0,0.7207643
581,50,2,143829.2,2,1,0,181224.24,2,1,1,0.73511434
559,42,7,0.0,2,1,1,190040.29,1,0,0,0.20698184
514,45,1,178827.79,1,1,0,60375.18,1,1,0,0.7958055
521,32,2,136555.01,2,1,1,129353.21,1,0,0,0.14046502
737,39,7,130051.66,2,0,0,55356.39,3,0,1,0.3817112
699,31,8,125927.51,2,1,0,147661.47,3,1,0,0.24940738
737,32,7,128551.36,2,0,1,189402.71,1,0,0,0.16744867
603,24,1,165149.13,2,1,0,21858.28,3,1,0,0.21261823
752,30,4,81523.38,1,1,1,36885.85,2,1,0,0.26692328
524,28,7,0.0,2,0,1,147100.72,1,0,0,0.10264954
608,38,9,102406.76,1,0,1,57600.66,3,0,0,0.31226218
603,35,6,128993.76,2,1,0,130483.56,1,1,0,0.18355495
720,52,7,0.0,1,1,1,14781.12,1,1,0,0.70618093
633,29,6,117412.35,1,0,0,30338.94,2,1,0,0.52011204
660,28,3,128929.88,1,1,1,198069.71,3,0,0,0.31833625
526,36,5,91132.18,1,0,0,58111.71,3,0,0,0.45966294
691,34,7,0.0,2,0,1,161559.12,1,0,0,0.11822334
705,56,2,143249.67,1,1,0,88428.41,2,0,1,0.9444445
586,33,10,66948.67,2,1,1,140759.03,3,0,0,0.17055506
465,51,8,122522.32,1,0,0,181297.65,1,0,1,0.88054013
597,67,2,0.0,2,0,1,108645.85,1,1,0,0.09293823
683,43,4,115888.04,1,1,1,117349.19,2,0,1,0.75078446
794,31,0,144880.34,2,0,1,175643.44,3,1,0,0.1577931
569,41,4,120243.49,1,1,0,163150.03,1,1,1,0.5002484
565,31,2,89558.39,2,1,1,4441.54,2,1,0,0.14140756
674,26,10,0.0,2,1,1,138423.1,1,0,0,0.13454288
850,40,7,104449.8,1,1,1,747.88,2,0,0,0.5793765
660,35,8,58641.43,1,0,1,198674.08,2,1,0,0.416641
677,56,5,123959.97,1,1,1,60590.72,3,1,1,0.58681417
690,32,0,106683.52,2,1,1,137916.49,2,1,0,0.19573213
755,42,2,119919.12,1,1,0,156868.21,1,1,0,0.5143381
670,33,2,141204.65,2,1,0,76257.46,1,1,0,0.1495791
713,52,0,185891.54,1,1,1,46369.57,1,0,1,0.77386296
628,28,3,153538.13,2,1,0,110776.01,2,0,0,0.19752535
738,58,2,133745.44,4,1,0,28373.86,2,1,1,0.97589296
813,59,2,135078.41,1,1,0,187636.06,2,1,1,0.93760735
560,38,5,83714.41,1,1,1,33245.97,1,0,0,0.34890085
718,37,7,0.0,2,1,1,55100.09,1,0,0,0.14915033
687,44,8,95368.14,2,1,1,1787.85,2,1,0,0.435743
576,55,6,44582.07,3,0,1,67539.85,1,0,1,0.94119006
528,37,6,103772.45,1,1,0,197111.99,1,1,0,0.37297827
560,44,5,143244.97,1,1,0,98661.27,1,0,0,0.69657964
628,37,0,0.0,2,1,1,171707.93,1,1,0,0.1127259
831,30,2,0.0,2,0,1,3430.38,1,1,0,0.049796592
641,31,3,153316.14,1,1,0,59927.99,3,1,0,0.38960382
521,49,2,127948.57,1,1,1,182765.14,2,0,0,0.83901596
566,40,2,97001.36,2,1,0,154486.01,2,0,0,0.4424624
673,37,8,0.0,2,1,1,183318.79,3,0,0,0.14664301
580,35,8,0.0,2,0,1,10357.03,1,0,0,0.1281968
655,27,10,0.0,2,1,0,51620.94,1,1,0,0.06849948
565,32,9,68067.24,1,1,0,143287.58,2,0,0,0.5115506
523,63,6,116227.27,1,1,1,119404.63,2,1,0,0.61951435
688,32,5,0.0,2,0,1,177607.77,1,0,0,0.110889345
664,41,5,0.0,1,1,1,152054.33,1,0,0,0.61761206
690,49,8,116622.73,1,0,1,51011.29,3,1,0,0.5833981
538,25,5,62482.95,1,1,1,102758.43,2,1,0,0.26854098
566,44,5,141428.99,2,0,0,68408.74,2,0,0,0.5437975
684,45,6,148071.39,1,1,0,183575.01,1,1,0,0.71909356
609,53,6,0.0,2,1,1,124218.27,1,0,0,0.30653578
668,47,7,106854.21,1,0,1,157959.02,2,1,1,0.757168
624,62,7,125163.62,2,1,1,151411.5,1,0,0,0.51621324
623,45,0,0.0,1,1,0,196533.72,1,1,1,0.8220311
595,29,6,150685.79,1,1,0,87771.06,1,1,0,0.26229757
665,32,10,0.0,1,1,1,22487.45,3,0,0,0.42660287
700,37,7,0.0,2,1,0,17040.82,1,0,0,0.16255583
594,53,4,0.0,1,1,0,5408.74,1,0,1,0.92324495
795,38,7,125903.22,2,1,1,127068.92,2,1,0,0.22232173
484,32,3,0.0,2,1,1,139390.99,1,0,0,0.104483746
742,36,2,129748.54,2,0,0,47271.61,2,0,1,0.32892486
499,55,4,126817.65,2,1,0,123269.71,2,0,0,0.91888213
669,45,7,149364.58,1,0,1,173454.07,1,1,0,0.58411205
560,33,9,0.0,1,0,1,183358.21,3,0,0,0.5401885
650,23,5,0.0,1,1,1,180622.43,3,0,0,0.3620721
619,52,8,0.0,2,1,1,123242.11,3,1,0,0.23231056
652,71,4,0.0,1,1,1,120107.1,3,1,0,0.29886964
705,24,5,177799.83,2,0,0,79886.06,3,0,0,0.27375305
778,47,6,127299.34,2,1,0,124694.99,3,0,0,0.76231855
629,28,8,108601.0,1,1,1,119647.7,2,1,0,0.37364793
596,39,10,86546.29,1,0,1,131768.98,1,0,0,0.4275867
754,37,6,0.0,1,1,1,116141.72,1,1,0,0.37331274
776,30,6,0.0,2,0,1,63908.86,3,1,0,0.057257246
615,44,9,126104.98,2,0,1,110718.02,2,0,0,0.5554721
684,44,2,133776.86,2,0,1,49865.04,2,0,0,0.51890707
513,49,5,171601.27,1,1,0,126223.84,2,0,0,0.8771834
705,46,5,89364.91,1,0,1,139162.15,3,0,0,0.6487955
489,58,4,0.0,2,1,1,191419.32,3,1,0,0.30784306
721,40,3,0.0,1,1,1,144874.67,1,1,0,0.48573127
690,36,7,101583.11,2,1,0,123775.15,1,1,0,0.20344163
683,36,5,115350.63,1,1,1,122305.91,1,1,0,0.21952917
465,33,5,0.0,2,0,1,78698.09,1,1,0,0.061276745
850,27,6,96654.72,2,0,0,152740.16,1,1,0,0.12428699
627,39,5,124586.93,1,1,0,93132.61,2,0,1,0.7112379
669,47,9,61196.54,1,1,0,58170.24,1,0,0,0.80081135
762,36,5,119547.46,1,1,1,42693.65,1,1,0,0.21228431
448,36,6,83947.12,2,1,0,81999.53,1,0,0,0.25133651
813,25,5,123616.43,1,0,1,132959.33,2,0,0,0.46010616
601,42,1,98495.72,1,1,0,40014.76,2,1,1,0.6999894
723,28,4,0.0,2,1,1,123885.88,1,1,0,0.054132234
850,35,7,114285.2,1,0,1,129660.59,2,0,0,0.4274227
601,47,1,64430.06,2,0,1,96517.97,1,1,0,0.48226643
707,35,9,0.0,2,1,1,70403.65,1,0,0,0.122153856
461,35,5,0.0,1,1,1,54209.02,1,0,0,0.34872648
596,67,6,0.0,2,1,1,138350.74,3,1,0,0.110864855
730,26,6,0.0,2,1,1,185808.7,3,1,0,0.051864084
540,28,8,0.0,2,0,0,197588.32,3,1,0,0.067864396
631,27,10,134169.62,1,1,1,176730.02,3,1,0,0.22810483
817,45,9,101207.75,1,0,0,88211.12,2,1,1,0.8450811
583,40,3,0.0,2,1,0,47728.0,1,1,0,0.097129025
683,32,0,138171.1,2,1,1,188203.58,2,0,0,0.19909804
662,41,4,0.0,2,1,0,126551.48,1,0,0,0.22253574
559,33,9,111060.05,2,1,0,110371.84,1,1,0,0.16391511
538,28,6,164365.44,1,0,1,5698.97,2,0,0,0.40126106
670,38,4,119624.54,2,1,1,110472.12,1,0,0,0.30737716
638,36,6,188455.19,1,0,0,47031.4,1,1,1,0.5395097
702,29,10,88378.6,1,1,0,88550.28,1,0,0,0.29641208
742,21,1,114292.48,1,1,0,31520.4,2,0,0,0.6065877
731,43,2,0.0,1,1,1,170034.95,1,1,1,0.64540523
559,43,1,0.0,1,0,1,86634.3,1,0,0,0.7283146
607,36,10,106702.94,2,0,0,198313.69,2,1,0,0.20242542
547,55,4,111362.76,3,1,0,16922.28,2,1,1,0.97824025
652,36,1,0.0,2,1,1,19302.78,3,0,0,0.15792835
604,34,7,0.0,2,1,0,193021.49,1,0,0,0.11668184
735,38,1,0.0,3,0,0,92220.12,1,0,1,0.72963166
545,45,6,93796.42,2,1,1,162321.26,2,1,0,0.4875914
506,28,8,53053.76,1,0,1,24577.34,2,1,0,0.30223808
525,30,0,157989.21,2,1,1,100687.67,2,0,0,0.21608794
620,33,9,127638.35,1,1,1,192717.57,1,0,0,0.28340867
658,43,7,140260.36,2,1,0,2748.72,1,0,0,0.44154868
526,32,6,131938.92,2,1,1,1795.93,2,0,0,0.21962926
665,34,1,96645.54,2,0,0,171413.66,1,0,0,0.1807166
529,28,9,0.0,2,1,1,52545.24,1,1,0,0.05862856
543,31,2,147674.26,1,1,1,16658.76,1,0,0,0.22166882
635,48,8,130796.33,2,1,1,43250.3,1,0,0,0.5533467
631,38,7,0.0,2,1,0,181605.85,3,1,0,0.08620236
625,22,9,0.0,2,1,0,157072.91,1,1,0,0.056498993
764,30,5,0.0,2,0,1,105155.66,1,1,0,0.05705346
569,36,1,67087.69,1,1,0,154775.7,1,1,0,0.29866776
667,31,5,0.0,2,1,1,20346.69,3,1,0,0.06831673
643,34,7,160426.07,1,0,1,188533.11,2,0,0,0.4851547
683,38,7,109346.13,2,1,0,102665.92,1,1,0,0.26720557
722,34,8,0.0,2,1,1,133447.49,1,1,0,0.052583616
512,36,4,152169.12,2,0,0,38629.3,1,1,1,0.18413238
422,54,3,140014.42,1,0,1,86350.97,1,1,0,0.6517083
619,33,3,100488.92,2,0,1,36446.74,2,0,0,0.2134841
679,45,3,146758.24,1,1,0,48466.89,1,1,0,0.7195853
581,46,2,79385.21,2,0,0,188492.82,3,1,0,0.5757508
586,60,3,47020.65,2,0,1,63241.21,1,0,1,0.23800597
643,28,9,160858.13,2,1,0,27149.27,2,1,0,0.18068282
351,57,4,163146.46,1,1,0,169621.69,2,0,1,0.962252
670,33,7,0.0,2,1,1,88187.81,1,0,0,0.093298584
599,33,4,51690.89,1,1,0,111622.76,3,1,1,0.41546714
700,46,5,95872.86,1,1,0,98273.01,1,1,1,0.69597954
797,45,8,0.0,1,0,0,125110.02,1,1,0,0.7920796
699,29,3,125689.29,1,1,1,151623.71,1,1,0,0.15605137
680,32,7,175454.0,1,0,1,77349.92,2,1,0,0.36438385
678,27,5,87099.85,2,1,0,149550.95,3,0,0,0.23869273
601,43,2,0.0,1,1,0,49713.87,1,0,1,0.7539906
701,39,9,0.0,2,1,1,110043.88,3,0,0,0.13107955
652,40,7,100471.34,1,1,1,124550.88,3,0,0,0.33924624
622,43,8,0.0,2,1,0,100618.17,1,1,0,0.18673326
709,42,9,118546.71,1,0,1,77142.85,1,1,0,0.3654897
710,41,9,149155.53,2,1,0,42131.26,2,0,1,0.37601954
541,34,3,128743.55,1,1,0,134851.12,1,1,0,0.20922972
767,24,5,0.0,2,1,1,67445.85,3,0,0,0.09802372
691,37,9,149405.18,1,1,1,146411.6,1,1,0,0.23746231
756,32,0,109528.16,2,1,1,56176.31,2,1,0,0.2604755
718,52,8,79475.3,3,1,1,32421.32,1,1,1,0.9522523
502,32,1,173340.83,1,0,1,122763.95,2,0,0,0.41790503
732,42,9,108748.08,2,1,1,65323.11,2,1,0,0.34557527
798,22,8,0.0,2,1,0,107615.43,1,1,0,0.063354276
724,45,5,83888.54,1,0,1,34121.81,3,1,0,0.5250121
491,72,6,91285.22,1,1,1,7032.95,1,0,0,0.24075638
749,60,6,0.0,1,1,0,17978.68,1,0,1,0.9510381
587,38,0,132122.42,2,0,0,31730.32,2,0,0,0.44071323
559,31,1,139183.06,1,0,1,143360.56,3,0,0,0.32274783
765,32,9,178095.55,1,0,0,47247.56,3,0,0,0.48879278
849,35,4,110837.73,1,0,0,126419.8,1,1,0,0.23954043
641,37,7,0.0,2,1,0,75248.3,1,1,0,0.08919522
475,39,6,0.0,1,1,1,56999.9,1,1,1,0.4307389
509,18,7,102983.91,1,1,0,171770.58,1,1,0,0.19861442
505,45,9,131355.3,3,1,0,195395.33,3,0,1,0.95411175
541,29,7,127504.57,1,0,0,86173.92,1,1,0,0.21303624
646,38,7,0.0,2,1,0,1528.4,1,1,0,0.11592901
666,39,10,0.0,2,1,0,102999.33,1,1,0,0.106737316
850,24,6,0.0,2,1,1,13159.9,1,0,0,0.07911421
597,24,1,103219.47,1,1,0,60420.07,1,0,0,0.28038478
529,38,7,99842.5,2,1,0,90256.06,3,1,1,0.23398277
655,38,3,250898.09,3,0,1,81054.0,3,1,1,0.9094662
734,33,5,121898.58,1,1,0,61829.89,2,1,0,0.5776528
613,28,7,76656.4,2,1,1,185483.24,2,1,0,0.10591451
669,33,8,0.0,2,0,1,128538.05,3,0,0,0.08590573
627,35,7,0.0,1,1,0,187718.26,3,0,0,0.56779957
615,41,1,126773.43,1,1,1,55551.26,3,1,0,0.3099437
622,41,2,127087.06,1,1,0,102402.91,1,1,1,0.48288664
624,36,6,0.0,2,0,0,84749.96,1,1,0,0.079632916
663,24,7,0.0,2,1,1,166310.82,1,1,0,0.053261142
601,47,1,142802.02,1,1,1,57553.02,2,0,0,0.805223
644,35,5,161591.11,3,1,1,63795.62,2,1,0,0.92536247
563,42,6,99056.22,2,1,0,154347.95,3,0,1,0.4022424
750,35,3,0.0,1,1,0,191520.5,1,0,0,0.569676
629,49,4,0.0,2,1,1,196335.48,1,0,0,0.2854742
570,38,1,127201.58,1,1,0,147168.28,2,1,1,0.64150643
850,27,1,101278.25,2,1,1,26265.18,2,1,0,0.114101514
633,50,7,88302.65,1,1,1,195937.16,2,1,0,0.71539533
762,29,10,115545.33,2,1,0,148256.43,3,1,0,0.23498417
445,30,3,0.0,2,1,1,127939.19,1,0,0,0.090284206
614,41,3,123475.04,1,1,1,179227.52,1,0,0,0.50680274
658,44,2,168396.34,1,1,1,14178.73,1,1,0,0.46888754
549,34,4,0.0,2,0,0,139463.57,1,0,0,0.11278897
594,34,7,141525.55,1,0,0,9443.15,1,0,0,0.25636995
742,44,8,107926.02,1,0,1,17375.27,2,0,1,0.74791527
411,36,10,0.0,1,0,0,120694.35,1,0,0,0.626027
746,24,10,68781.82,1,0,1,47997.39,3,1,0,0.23449567
706,42,9,0.0,2,1,1,28714.34,3,1,0,0.09506848
607,27,2,0.0,2,1,0,63495.86,1,0,0,0.10739919
615,32,1,0.0,2,0,0,2139.25,1,1,0,0.078718424
488,33,4,140002.35,1,1,0,123613.81,2,0,0,0.55287486
764,34,6,108760.27,2,1,0,166324.79,2,1,1,0.2804149
622,47,6,142319.03,1,0,0,100183.05,3,0,0,0.80162835
709,32,7,0.0,2,1,1,199418.02,1,0,0,0.115291655
540,35,7,128369.75,2,1,0,198256.15,2,0,0,0.26371554
544,26,6,0.0,1,1,0,100200.4,1,0,1,0.41163105
850,25,8,69385.17,2,1,0,87834.24,2,0,0,0.14763834
582,32,1,116409.55,1,0,1,152790.92,1,0,0,0.22654456
537,47,6,103163.35,1,1,0,16259.64,2,0,1,0.8881123
613,44,9,100524.69,1,1,1,47298.95,3,1,0,0.43297267
562,36,6,0.0,2,1,0,32845.32,1,1,0,0.07500282
754,39,3,74896.33,1,0,0,34430.16,1,1,0,0.41788074
470,31,2,101675.22,2,1,0,45033.75,3,0,0,0.23489292
672,34,1,142151.75,2,1,1,168753.34,1,0,0,0.1662491
663,22,6,0.0,2,0,1,131827.15,1,1,0,0.051909775
573,44,9,0.0,2,1,0,107124.17,3,1,0,0.21954617
698,40,0,92053.44,1,1,1,143681.83,3,0,0,0.4486655
519,34,5,0.0,1,1,0,68479.6,1,1,0,0.4184529
584,32,5,0.0,2,1,0,10956.82,3,1,0,0.06576493
850,32,7,0.0,2,0,0,155227.0,1,0,0,0.12096853
774,49,1,142767.39,1,1,1,8214.41,1,1,0,0.63443464
594,23,4,104753.84,2,1,0,56756.52,2,0,1,0.28446764
701,38,3,125385.49,2,0,1,52044.66,2,1,0,0.25527048
597,40,9,106756.01,2,1,0,151167.94,2,0,0,0.4366173
695,46,4,0.0,2,1,1,137537.22,1,1,0,0.16319782
574,36,4,77967.5,1,1,0,167066.95,3,1,1,0.38393077
634,45,9,0.0,2,0,0,17622.82,1,1,0,0.23263015
650,32,2,84906.45,1,1,0,163216.48,1,1,0,0.20879616
685,40,2,168001.34,2,1,1,167400.29,1,1,0,0.18090552
682,58,1,0.0,1,1,1,706.5,1,0,0,0.7963768
669,37,4,0.0,1,1,0,132540.33,1,1,0,0.4593771
839,33,10,75592.43,1,1,0,62674.42,3,0,0,0.42000052
450,29,7,117199.8,1,1,1,43480.63,1,1,0,0.15486343
850,42,6,84445.68,3,0,1,60021.34,2,1,1,0.91747123
527,31,4,0.0,1,1,0,169361.89,1,1,0,0.4055655
792,34,1,0.0,1,0,1,86330.32,1,1,0,0.2643612
531,42,2,0.0,2,0,1,90537.47,1,0,0,0.2101463
535,37,3,175534.78,2,1,1,9241.52,3,1,0,0.20117465
751,29,1,135536.5,1,1,0,66825.33,1,1,0,0.21787365
556,51,8,61354.14,1,1,0,198810.65,1,0,1,0.8862297
584,37,10,134171.8,4,1,1,70927.11,2,0,1,0.9509881
763,35,7,115651.6,2,1,1,104706.29,1,0,0,0.26716715
652,36,9,150956.71,1,0,0,72350.17,2,1,0,0.5098335
436,43,5,0.0,2,1,1,35687.43,3,1,0,0.21191907
646,52,8,59669.43,1,0,0,172495.81,1,1,1,0.89157575
694,31,4,141989.27,2,1,0,26116.82,2,1,0,0.20522937
608,45,4,0.0,2,0,0,36697.48,3,1,1,0.21897568
558,27,1,152283.39,1,1,0,183271.15,1,1,0,0.23745516
679,40,1,0.0,1,1,1,16897.19,1,1,0,0.48746297
577,35,10,0.0,2,1,1,25161.61,1,0,0,0.15356305
683,32,9,0.0,2,1,1,24991.92,1,0,0,0.094992265
591,29,1,97541.24,1,1,1,196356.17,3,1,0,0.2546547
636,45,3,0.0,2,1,1,159463.8,3,1,0,0.16076152
708,64,5,0.0,3,0,1,112520.07,3,0,1,0.7283504
699,34,4,185173.81,2,1,0,120834.48,2,1,0,0.20831013
707,31,2,82787.93,2,0,0,91423.69,1,0,0,0.1745218
597,33,6,135703.59,2,0,0,74850.84,1,0,0,0.16472666
609,26,7,0.0,2,1,0,98463.99,1,1,0,0.06297586
522,25,5,94049.92,2,1,0,103269.0,2,0,0,0.19429573
596,39,9,0.0,1,1,0,48963.59,1,1,0,0.5340954
591,56,9,128882.49,1,1,1,196241.94,1,0,1,0.65754867
654,36,5,0.0,2,0,0,157238.05,3,0,0,0.14619367
649,20,5,0.0,2,1,1,58309.54,3,1,0,0.057098977
640,29,4,0.0,2,1,0,44904.26,1,0,0,0.09748115
600,39,5,0.0,2,0,0,118272.07,1,0,0,0.19763419
631,32,10,0.0,2,0,1,196342.66,1,1,0,0.06656771
850,44,2,112755.34,2,0,0,158171.36,2,1,0,0.40541452
556,43,6,0.0,3,0,0,125154.57,1,0,1,0.9316302
717,49,1,110864.38,2,1,1,124532.9,3,0,1,0.65543044
758,61,2,0.0,2,1,1,43982.41,3,1,0,0.17314279
515,40,10,121355.99,1,1,0,138360.29,3,1,0,0.50314194
649,37,8,114737.26,1,1,1,106655.88,2,0,1,0.5495497
566,36,1,142120.91,1,1,0,79616.37,1,1,0,0.29006928
760,34,6,58003.41,1,1,0,90346.1,2,0,0,0.5139023
662,37,5,94901.09,1,1,1,48233.75,3,1,0,0.25481248
559,27,1,0.0,1,0,1,1050.33,3,0,0,0.43437296
605,19,8,166133.28,1,1,1,107994.99,2,1,0,0.34674186
646,32,1,0.0,2,1,0,183289.22,3,1,0,0.07000677
753,38,6,142263.45,1,0,1,33730.43,1,0,0,0.35023007
696,36,3,0.0,3,1,0,65039.9,3,0,0,0.6168994
521,22,5,0.0,2,1,1,99828.45,1,1,0,0.057151534
632,27,4,193125.85,1,1,1,152665.85,1,1,0,0.3330683
706,18,2,176139.5,2,1,0,129654.22,1,1,0,0.15730058
821,38,8,0.0,2,0,1,126241.4,3,0,1,0.11678804
620,44,8,0.0,2,1,1,15627.51,3,1,0,0.14694355
648,37,7,138503.51,2,1,0,57215.85,2,0,0,0.3679678
428,62,1,107735.93,1,0,1,58381.77,1,0,0,0.6367903
542,59,2,68892.77,2,1,0,7905.06,1,0,1,0.89923674
504,40,5,0.0,2,0,0,146703.36,3,1,0,0.108985074
817,44,8,0.0,1,0,0,65501.91,1,1,1,0.7095227
696,66,7,119499.42,2,1,1,174027.3,2,0,0,0.42358184
529,32,9,147493.89,1,1,0,33656.35,1,1,0,0.26134732
540,25,5,116160.23,1,1,0,13411.67,1,1,0,0.2054532
616,23,8,73112.95,1,1,1,62733.05,1,1,0,0.1557053
696,31,8,122021.92,2,1,0,33828.64,2,0,0,0.2970913
596,36,2,0.0,2,0,1,125557.95,3,1,0,0.060832027
632,27,3,107375.82,1,1,1,62703.38,1,0,0,0.2075856
814,29,8,97086.4,2,1,1,197276.13,2,1,0,0.11174441
750,34,9,112822.26,1,0,0,150401.53,3,0,1,0.5061973
595,53,7,0.0,2,1,0,41371.68,1,0,1,0.70978284
646,45,3,47134.75,1,1,1,57236.44,1,0,0,0.6954103
747,32,5,67495.04,2,0,1,77370.37,2,0,0,0.14247532
646,26,4,139848.17,1,1,0,164696.27,1,1,0,0.21110953
678,36,3,145747.67,2,0,1,89566.74,2,1,0,0.18308787
554,26,8,149134.46,1,1,1,177966.24,3,1,0,0.28945512
655,24,9,107065.31,1,1,1,51959.82,1,1,0,0.16105288
794,38,9,179581.31,1,1,0,23596.24,3,1,0,0.4599327
727,59,5,152581.06,1,1,0,71830.1,2,1,1,0.9377863
677,58,1,90022.85,1,0,1,2988.28,1,0,0,0.7119955
616,29,8,149318.55,1,1,0,140746.13,2,1,0,0.45015058
595,32,0,92466.21,1,1,0,4721.3,2,0,0,0.57208997
723,28,5,91938.31,1,1,0,143481.85,2,0,0,0.50104415
815,37,2,110777.26,2,1,0,2383.59,2,1,0,0.28751862
790,26,4,141581.71,2,0,0,98309.27,1,0,0,0.1651707
663,37,8,155303.71,1,1,0,118716.63,2,0,0,0.55379933
542,42,1,0.0,1,1,1,178256.58,1,0,1,0.6796043
712,45,6,112994.65,1,0,0,198398.68,3,1,0,0.7712403
787,42,2,74483.97,2,0,1,44273.91,2,0,0,0.3822183
850,62,5,0.0,2,1,1,180243.56,3,1,0,0.13832878
483,50,9,0.0,2,1,1,111020.24,1,0,0,0.44852185
704,36,8,127397.34,1,1,0,151335.24,3,1,0,0.41800633
716,29,10,87946.39,1,1,1,182531.74,1,0,0,0.20143755
597,26,8,149989.39,1,1,0,42330.58,1,0,0,0.29044753
748,44,2,92911.52,1,0,1,85495.24,1,1,0,0.5167904
850,33,10,0.0,1,1,0,4861.72,1,1,1,0.39217186
648,55,1,81370.07,1,0,1,181534.04,3,1,0,0.6256436
578,50,5,151215.34,2,1,0,169804.4,1,1,0,0.666169
607,37,4,135927.06,1,0,0,180890.4,2,0,0,0.6987255
850,41,8,132838.07,1,1,1,175347.28,3,1,0,0.25157234
509,35,8,0.0,2,0,1,67431.28,1,1,0,0.06844601
465,41,9,117221.15,1,1,0,168280.95,1,1,0,0.5157053
710,40,5,0.0,2,0,0,162878.96,1,1,0,0.11093054
591,39,3,0.0,3,1,0,140469.38,3,0,1,0.8259411
728,46,2,109705.52,1,1,0,20276.87,1,0,1,0.7595185
492,45,9,170295.04,2,0,0,164741.81,2,1,0,0.5344414
616,36,10,78249.53,1,1,0,136934.91,2,0,0,0.5357787
646,24,8,0.0,2,0,0,92612.88,1,1,0,0.06523803
779,71,3,0.0,2,1,1,146895.36,1,1,1,0.08150219
683,39,2,100062.16,2,1,0,109201.43,2,0,0,0.3692407
463,35,2,0.0,2,1,1,1950.93,3,0,0,0.17474256
736,63,10,0.0,2,0,1,502.7,1,0,0,0.30183607
640,63,2,68432.45,2,1,1,112503.24,1,1,1,0.28192526
670,33,9,84521.48,2,0,1,198017.05,2,0,0,0.19415355
549,31,4,0.0,2,0,1,25684.85,1,1,0,0.061138462
579,39,5,0.0,2,0,1,39891.84,1,1,0,0.08431506
594,49,4,0.0,2,1,1,23631.55,1,0,0,0.3364168
515,25,7,79543.59,1,0,1,38772.82,1,0,0,0.17712127
593,46,2,76597.79,1,1,1,54453.72,3,0,0,0.60779494
750,26,1,151510.17,2,1,1,19921.72,1,0,0,0.16094768
526,30,8,0.0,1,1,0,36251.0,3,1,0,0.3992435
506,59,8,119152.1,2,1,1,170679.74,2,1,0,0.4292362
607,34,9,132439.99,1,1,0,177747.72,3,1,0,0.46190903
708,67,1,0.0,2,0,1,3837.08,1,0,0,0.16045953
683,34,9,114609.55,2,0,1,25339.29,3,1,0,0.20203781
730,41,4,167545.32,1,1,0,128246.81,1,0,0,0.5377577
551,45,6,0.0,2,1,1,51143.43,1,0,0,0.2654307
530,37,8,0.0,2,1,1,287.99,1,1,0,0.14469399
786,33,0,83036.05,1,0,1,154990.58,1,0,1,0.21706714
574,30,5,120355.0,1,1,0,137793.35,3,1,0,0.37999043
723,40,7,142856.95,2,0,0,38019.74,1,0,0,0.3507208
543,37,3,0.0,2,1,1,78915.68,3,1,0,0.0637018
807,31,1,141069.18,3,1,1,194257.11,2,0,0,0.77976876
598,27,8,90721.52,2,1,0,109296.18,3,1,0,0.16356747
604,28,6,0.0,2,1,1,69056.26,3,0,0,0.090076536
780,26,3,140356.7,1,1,0,117144.15,1,0,0,0.2962135
453,28,3,139986.65,1,1,0,136846.75,2,0,0,0.57264334
569,42,9,146100.75,1,1,0,32574.01,2,0,1,0.74547255
768,36,3,141334.95,1,0,1,125870.5,1,0,0,0.27765167
723,34,5,0.0,2,0,1,12092.03,1,1,0,0.062096514
604,53,2,121389.78,1,1,1,48201.64,1,0,1,0.7406062
594,28,0,142574.71,2,1,0,129084.82,2,1,0,0.26819336
675,61,5,62055.17,3,1,0,166305.16,1,0,1,0.9801026
654,37,2,145610.07,2,0,0,186300.59,2,1,0,0.2236443
566,63,2,120787.18,2,1,1,52198.84,3,1,0,0.41419554
596,37,2,0.0,1,0,1,121175.86,1,1,0,0.40909806
616,30,2,0.0,2,1,0,199099.51,3,1,0,0.05954209
731,33,1,0.0,1,1,0,130726.96,3,1,0,0.45612243
727,46,3,115248.11,4,1,0,130752.01,2,1,1,0.965742
561,28,3,0.0,2,1,0,191387.76,3,0,0,0.1061224
651,25,8,0.0,2,1,1,126761.2,1,0,0,0.08468717
599,41,2,91328.71,1,1,0,115724.78,1,0,0,0.57359076
587,41,8,85109.21,1,1,0,1557.82,3,1,0,0.5088331
686,38,2,93569.86,3,0,0,10137.34,2,0,1,0.9337246
724,34,6,118235.7,2,0,0,157137.23,2,1,0,0.2281212
720,21,2,123200.78,1,1,1,180712.28,3,1,0,0.28570396
806,48,4,164701.68,1,1,1,21439.49,1,1,0,0.61324894
769,29,4,145471.37,1,1,0,188382.77,1,1,0,0.23513146
613,37,9,108286.5,1,1,1,114153.44,1,1,0,0.23642553
591,38,2,142289.28,1,0,1,119638.85,1,0,0,0.32406607
807,35,3,174790.15,1,1,1,600.36,1,1,0,0.23871279
655,61,2,183997.7,2,1,1,161217.18,2,0,0,0.48380345
553,39,1,142876.98,2,1,0,44363.42,3,0,0,0.3872294
669,50,4,149713.61,3,1,1,124872.42,1,1,1,0.9571337
635,41,4,103544.88,2,1,0,193746.55,1,1,0,0.21873441
749,37,7,0.0,2,1,0,20306.79,1,1,0,0.0837623
691,26,9,136623.19,1,1,0,153228.0,1,1,0,0.22585072
589,21,3,0.0,2,0,1,55601.44,1,0,0,0.07950667
778,33,9,151772.63,2,0,0,180249.94,1,0,1,0.20769656
541,32,4,0.0,1,1,1,114951.42,1,0,0,0.32235792
758,50,2,95813.76,3,1,1,67944.09,1,0,1,0.96490043
559,29,3,79715.36,1,1,0,82252.28,1,0,0,0.2967018
690,42,5,0.0,2,0,1,120512.08,1,0,0,0.20797579
846,34,10,142388.61,2,0,1,68393.64,1,0,1,0.10529637
567,40,4,118628.8,1,0,0,91973.63,3,1,0,0.49971858
486,40,9,71340.09,1,1,0,76192.21,2,0,0,0.6963573
707,48,7,105086.74,1,1,1,180344.69,2,0,1,0.79093444
581,47,1,122949.14,1,0,0,180251.68,1,0,1,0.800417
460,40,6,119507.58,2,1,0,91560.63,2,0,1,0.45639592
607,40,1,112544.45,1,1,1,19842.22,3,1,0,0.3294672
701,35,9,0.0,2,0,0,170996.86,3,0,0,0.15193541
600,32,7,98877.95,1,1,0,132973.21,1,0,0,0.27852535
426,34,9,0.0,2,1,0,107876.91,1,1,0,0.0852856
787,39,7,171646.76,1,0,1,100791.36,3,0,0,0.31486526
666,59,8,152614.51,2,1,1,188782.3,2,0,0,0.41105455
735,44,9,120681.63,1,1,0,74836.34,1,1,0,0.6309451
711,32,5,0.0,2,1,1,147720.27,3,1,0,0.04892783
709,39,9,124723.92,1,1,0,73641.86,2,0,0,0.72828364
746,24,4,0.0,1,0,1,94105.0,1,0,0,0.29181907
809,33,8,148055.74,1,0,0,199203.21,2,1,0,0.51513684
596,20,3,187294.46,1,1,0,103456.47,3,1,0,0.37146583
605,36,6,0.0,1,0,1,690.84,1,0,0,0.42669836
614,50,4,137104.47,1,1,0,127166.49,1,1,1,0.7962191
741,52,1,171236.3,2,0,0,21834.4,1,1,1,0.8407034
635,41,1,0.0,2,1,0,175611.5,3,1,0,0.10674762
769,43,4,110182.54,2,1,1,87537.32,2,1,0,0.453703
636,37,1,115137.26,1,1,0,52484.01,3,1,0,0.40121537
738,54,4,0.0,1,0,1,55725.04,1,1,1,0.7400788
577,43,6,0.0,2,1,1,149457.81,3,1,0,0.13870196
688,26,1,0.0,2,1,1,104435.94,1,1,0,0.054585297
586,56,9,100781.75,2,1,1,54448.41,2,0,0,0.61031556
637,33,2,145731.83,1,0,1,109219.43,1,1,0,0.16810843
527,25,6,0.0,2,0,1,96758.58,1,0,0,0.08684658
797,37,4,75263.7,1,1,0,85801.77,1,1,0,0.33370984
605,27,9,0.0,2,1,0,198091.81,1,1,0,0.063495986
530,25,9,162560.32,1,1,0,64129.03,1,1,0,0.3111036
540,31,10,118158.74,1,1,1,158027.57,3,0,0,0.32704687
743,45,7,157332.26,1,1,0,125424.42,3,1,0,0.73211503
622,58,7,116922.25,1,1,0,120415.61,2,0,1,0.95182306
759,45,8,0.0,2,1,1,99251.24,1,0,0,0.24563529
669,57,5,0.0,2,1,1,56875.76,1,1,0,0.17454834
693,31,2,0.0,2,1,1,107759.31,1,1,0,0.057723727
583,59,7,127450.14,1,0,1,67552.71,1,1,0,0.5525132
581,71,4,0.0,2,1,1,197562.08,1,1,0,0.1279196
601,38,4,60013.81,1,1,1,38020.05,1,1,0,0.3134388
607,48,4,112070.86,3,1,0,173568.3,1,0,1,0.9510909
741,32,5,0.0,1,1,1,64839.23,1,1,0,0.2837383
558,32,4,108235.91,1,1,1,143783.28,2,1,0,0.37856176
386,53,1,131955.07,1,1,1,62514.65,3,0,1,0.6662421
491,26,4,102251.14,1,1,1,145900.89,2,1,0,0.3048812
443,50,3,117206.3,1,1,0,42840.18,2,1,1,0.91132766
586,38,2,136858.42,1,0,1,189143.94,2,1,0,0.56831145
616,43,3,120867.18,1,1,0,18761.92,3,0,1,0.6701269
615,59,8,0.0,2,1,1,165576.55,1,1,0,0.17216629
597,45,7,0.0,2,0,0,167756.45,1,1,0,0.22041215
515,41,8,0.0,2,1,1,185054.14,1,1,0,0.09611162
696,30,0,0.0,2,1,1,9002.8,3,0,0,0.26662132
540,48,2,109349.29,1,1,0,88703.04,1,1,1,0.7833408
691,31,5,40915.55,1,1,0,126213.84,1,0,1,0.45990232
706,23,5,0.0,1,0,0,164128.41,1,0,1,0.40795448
802,40,5,0.0,2,1,1,175043.69,3,1,0,0.060522664
685,23,5,164902.43,1,0,0,141152.28,3,1,0,0.34002608
601,41,1,0.0,2,0,1,160607.06,1,0,0,0.22503679
850,29,1,0.0,2,1,1,197996.65,3,0,0,0.06496931
655,27,9,0.0,2,0,0,108008.05,3,0,0,0.099447064
642,18,5,111183.53,2,0,1,10063.75,2,1,0,0.20128584
536,35,8,0.0,1,1,0,171840.24,1,0,1,0.53032714
667,33,4,127076.68,2,1,0,69011.66,2,0,0,0.2987736
680,48,8,115115.38,1,1,0,139558.6,2,0,1,0.90428746
627,62,3,143426.34,2,1,1,143104.3,2,1,0,0.3874354
836,41,7,150302.84,1,1,1,156036.19,3,0,0,0.37953007
777,43,1,0.0,2,1,0,21785.91,1,1,0,0.18976584
595,36,6,85768.42,1,1,1,24802.77,3,1,0,0.28447986
621,43,8,0.0,1,0,0,102806.6,3,0,0,0.7670941
649,41,4,115897.73,1,1,0,143544.48,2,0,0,0.75599015
531,32,0,109570.21,2,1,1,172049.84,2,0,0,0.3049581
705,37,3,109974.22,1,1,1,36320.87,2,0,1,0.56982803
812,34,5,103818.43,1,1,1,166038.27,1,1,0,0.14960147
416,32,0,0.0,2,0,1,878.87,1,1,0,0.20684926
564,41,9,103522.75,2,1,1,34338.21,2,1,0,0.2684341
509,46,1,0.0,1,1,0,71244.59,1,0,1,0.8491761
850,22,2,0.0,2,1,1,9684.52,3,1,0,0.050208077
532,40,5,0.0,2,0,1,177099.71,1,0,0,0.22117995
602,35,8,0.0,1,1,1,22499.29,1,1,0,0.34950343
685,43,9,0.0,2,1,0,107811.28,3,1,0,0.1955306
815,38,2,48387.0,1,1,0,184796.84,3,0,0,0.59856385
850,40,0,0.0,2,1,0,1099.95,1,0,0,0.3205722
739,37,7,104960.46,1,0,1,80883.82,1,1,0,0.2416517
674,34,2,152797.9,1,1,0,175709.4,2,1,1,0.4995663
648,34,3,0.0,1,1,0,54726.43,1,0,0,0.4690985
582,50,6,96486.57,2,1,1,20344.02,2,0,0,0.5883429
684,34,6,0.0,2,1,1,130928.22,1,0,0,0.09396217
648,53,6,111201.41,1,1,1,121542.29,3,0,0,0.6237082
686,39,4,157731.6,2,1,0,162820.6,2,0,0,0.33403736
788,43,10,0.0,2,1,1,116111.51,1,0,0,0.3127047
731,46,10,0.0,2,1,0,153015.42,3,1,0,0.2875155
634,43,3,212696.32,1,1,0,115268.86,2,1,0,0.8134698
505,40,6,47869.69,2,1,1,155061.97,2,1,0,0.09637935
464,38,3,116439.65,1,1,0,75574.48,1,1,0,0.36770928
650,41,3,128808.65,3,0,0,113677.53,3,1,1,0.9225376
730,39,1,99010.67,1,1,0,194945.8,1,0,0,0.5007657
530,55,4,120905.03,1,0,1,123475.88,1,0,1,0.75601006
612,42,10,75497.51,1,0,0,149682.78,1,0,0,0.64540374
804,38,3,124197.22,1,1,0,74692.06,3,0,0,0.46576497
640,47,6,89799.46,2,0,1,13783.77,1,0,1,0.55794126
434,55,6,0.0,1,0,1,73562.05,3,1,1,0.6857443
640,43,9,172478.15,1,1,0,191084.4,3,1,1,0.6835252
473,40,8,152576.25,2,1,0,73073.68,2,1,0,0.26515827
601,49,4,96252.98,2,1,0,104263.82,2,0,0,0.744782
749,33,10,76692.22,1,0,1,30396.43,2,0,0,0.35149372
822,50,7,0.0,2,1,1,10062.8,1,1,0,0.20116875
649,36,2,0.0,2,0,1,75035.48,1,0,0,0.12017146
719,48,5,0.0,2,0,0,78563.66,3,0,0,0.50511384
554,39,10,0.0,2,1,1,18391.93,1,0,0,0.24539603
726,26,1,80780.16,1,1,1,19225.85,3,0,0,0.3108538
803,45,7,0.0,2,1,1,128378.04,3,0,0,0.23160487
850,32,2,128647.98,2,0,0,54416.18,2,1,0,0.23160845
666,38,6,127043.09,1,1,1,8247.0,1,0,0,0.3775291
537,28,3,157842.07,1,1,0,86911.49,1,1,0,0.25175932
504,43,5,134740.19,2,1,0,181430.91,2,1,0,0.48114648
626,52,0,0.0,2,1,0,32159.46,1,0,1,0.73284835
696,28,4,172646.82,1,1,1,116471.43,1,1,0,0.21591523
602,29,5,103907.28,1,1,0,161229.84,3,1,0,0.32516375
670,30,3,133446.34,1,0,0,3154.95,3,1,0,0.38904482
511,48,6,149726.08,1,0,0,88307.87,2,1,1,0.85462236
529,31,6,152310.55,1,1,0,13054.25,1,0,0,0.29546413
637,44,2,0.0,2,1,0,149665.65,1,0,0,0.2932645
520,30,4,145222.99,2,0,0,145160.96,3,0,0,0.2697842
565,34,7,0.0,1,0,0,74593.84,1,1,0,0.41305116
559,28,3,152264.81,1,0,0,64242.31,2,0,0,0.5232079
689,55,4,0.0,2,1,1,58442.25,3,0,0,0.26521632
673,59,0,178058.06,2,0,1,21063.71,1,1,1,0.3726624
645,31,1,128927.93,1,1,1,2850.01,2,0,0,0.45961228
541,39,6,109844.81,1,1,0,25289.23,1,0,0,0.5215634
758,39,6,127357.76,1,0,1,56577.0,1,0,0,0.40685004
483,30,9,0.0,2,0,0,136356.97,1,0,0,0.11249841
575,43,3,0.0,1,1,0,83594.51,3,1,0,0.7517063
526,35,5,0.0,2,1,1,105618.14,3,1,0,0.05882205
612,31,8,117989.76,1,1,1,54129.86,1,0,0,0.21807438
605,33,4,0.0,2,0,1,83700.66,1,0,0,0.08745939
633,32,1,104001.38,1,0,1,36642.65,1,0,0,0.1864867
661,30,7,0.0,2,1,0,72196.57,1,0,0,0.11147749
633,33,3,0.0,2,1,0,191111.02,1,0,0,0.11830073
644,37,6,117271.8,2,1,0,104217.96,1,1,1,0.27434373
505,37,10,122453.97,2,1,1,52693.99,2,0,0,0.35184208
679,39,7,91187.9,1,0,1,6075.36,3,0,0,0.3946226
551,38,10,0.0,2,1,1,216.27,1,0,0,0.2757069
665,39,10,46323.57,1,1,0,136812.02,1,1,0,0.5149041
751,38,7,0.0,2,0,0,90839.61,3,1,0,0.089441516
788,37,8,141541.25,1,0,0,66013.27,3,1,0,0.37450066
684,27,2,134603.88,1,1,1,71725.73,1,1,0,0.16190627
717,35,5,103214.71,1,1,0,172172.7,2,0,0,0.64336854
679,32,0,88335.05,1,0,0,159584.81,2,0,0,0.47815064
521,77,6,0.0,2,1,1,49054.1,1,0,0,0.108480476
726,31,9,0.0,2,1,1,106117.3,1,1,0,0.05234521
547,42,1,142703.4,1,1,0,86207.49,2,0,1,0.75469583
504,34,0,54980.81,1,1,1,136909.88,3,1,0,0.3002736
754,39,8,129401.87,1,1,1,87684.93,2,0,0,0.586679
775,36,2,109949.05,2,0,1,71682.54,2,1,0,0.2035381
714,46,1,0.0,1,1,0,152167.79,1,1,1,0.78863984
568,36,10,153610.61,1,1,1,54083.8,3,0,1,0.27334583
704,27,5,147004.34,1,1,0,64381.33,2,1,1,0.5370006
719,61,5,0.0,2,0,1,29132.43,1,1,0,0.14978465
828,42,10,0.0,1,1,1,186071.14,3,1,0,0.38447043
615,32,7,92199.84,1,1,1,2755.53,1,1,0,0.14915943
621,46,6,141078.37,1,0,0,34580.8,2,1,1,0.85955936
622,23,8,0.0,2,1,1,131389.39,3,0,0,0.09418539
589,28,7,0.0,2,1,0,151645.96,1,1,0,0.05858403
754,47,1,185513.67,1,1,0,27438.83,1,0,0,0.8524404
549,36,6,139422.37,1,0,0,83983.39,2,1,1,0.5365797
490,33,1,0.0,2,1,1,80792.83,1,1,0,0.05773714
643,30,5,94443.77,1,1,1,165614.4,1,1,0,0.15124278
548,38,0,178056.54,2,1,0,38434.73,3,1,0,0.37269408
651,46,4,89743.05,1,1,0,156425.57,3,0,1,0.8101435
678,55,5,0.0,1,0,1,196794.11,1,0,1,0.74588823
407,37,1,0.0,1,1,1,49161.12,3,1,1,0.5828479
683,30,1,113257.2,1,1,1,65035.02,3,1,0,0.2706319
629,45,7,129818.39,3,1,0,9217.55,2,0,1,0.9638483
736,27,5,51522.75,1,0,1,192131.77,1,1,0,0.27299008
538,31,0,0.0,2,0,0,179453.66,3,0,0,0.15798822
655,37,9,121342.24,1,1,1,180241.44,2,1,0,0.5504431
738,33,3,122134.4,2,0,1,27867.59,3,0,0,0.27765912
588,59,4,0.0,2,1,1,27435.41,3,1,0,0.18971953
736,57,9,95295.39,1,1,0,28434.44,2,1,1,0.9412375
623,40,5,118788.57,1,1,0,192867.4,1,1,0,0.50445455
549,45,6,124240.93,1,1,1,146372.51,2,1,0,0.7589564
630,31,0,0.0,2,1,1,34475.14,1,1,0,0.10877376
494,35,9,112727.06,2,1,0,183752.91,1,0,0,0.2610562
671,36,2,116695.27,1,0,0,193201.86,2,1,0,0.61668074
785,38,1,0.0,1,1,0,134964.85,1,0,1,0.5415068
724,29,4,0.0,1,1,0,8982.75,1,1,0,0.32589135
532,42,1,159024.71,1,1,0,100982.93,1,1,1,0.5455765
747,29,7,117726.33,1,1,1,175398.34,2,1,0,0.37934652
598,43,5,0.0,3,1,1,100722.72,1,0,1,0.9145715
647,35,3,192407.97,1,1,1,40145.28,2,1,0,0.5242594
590,43,8,0.0,2,1,1,143628.31,1,1,0,0.15057838
713,38,7,144606.22,1,1,1,56594.36,2,0,1,0.53183866
791,36,6,111168.97,1,1,1,189969.91,1,1,0,0.29918683
620,29,1,138740.24,2,0,0,154700.61,1,0,0,0.19114321
637,30,1,122185.53,1,1,0,102566.46,2,1,1,0.5182545
544,32,9,110728.39,1,1,1,14559.62,1,0,0,0.21376994
637,40,6,0.0,2,1,1,181610.6,3,0,0,0.16726771
658,42,8,102870.93,1,0,1,103764.55,1,1,1,0.38344002
714,51,4,88308.87,3,0,0,5862.53,1,0,1,0.9545681
642,33,4,84607.34,2,0,1,60059.47,1,0,0,0.17248411
613,43,4,140681.68,1,0,1,20134.07,2,0,0,0.7379331
684,32,3,102630.13,2,1,1,127433.47,2,1,0,0.12865943
701,48,1,92072.68,1,1,1,133992.36,2,0,0,0.8226165
615,30,9,0.0,1,1,0,87347.82,1,0,0,0.4366635
599,39,2,188976.89,2,0,1,176142.09,2,1,0,0.22022037
554,26,7,92606.86,2,1,0,192709.69,1,0,0,0.15812714
589,19,9,83495.11,1,1,1,143022.31,2,0,1,0.31794843
653,43,0,0.0,2,1,0,27862.58,1,1,0,0.2861155
633,33,4,137847.41,2,1,0,98349.13,3,1,0,0.22116062
762,28,3,125155.83,2,1,1,106024.02,2,1,0,0.17441909
743,39,3,119695.75,1,0,1,26136.13,2,1,0,0.5117706
714,45,0,124693.48,1,0,1,187194.15,3,1,0,0.5715944
827,60,2,0.0,2,0,1,60615.83,1,0,0,0.21785478
595,35,8,0.0,1,1,0,100015.79,3,1,1,0.5085817
663,36,10,0.0,2,1,0,136349.55,1,1,0,0.086592555
544,37,2,0.0,2,0,0,135067.02,3,1,0,0.098314226
775,32,8,121669.23,1,0,1,125898.39,2,1,0,0.3493217
702,36,2,105264.88,2,1,1,52909.87,2,0,0,0.3231133
583,42,4,0.0,2,1,0,17439.66,1,0,0,0.2105014
670,42,6,112333.63,1,1,1,65706.86,1,0,0,0.47851586
526,49,2,0.0,1,1,0,114539.67,3,1,1,0.875231
778,37,3,141803.77,1,0,1,179421.84,1,1,0,0.32473102
614,38,2,116248.88,1,1,0,105140.92,1,1,0,0.35312092
561,32,6,166824.59,1,1,0,139451.98,2,1,0,0.44677824
556,34,8,163757.06,1,1,1,104000.06,1,1,0,0.19194363
683,29,9,0.0,2,1,1,48849.89,1,0,0,0.099223435
698,55,8,155059.1,2,1,1,144584.29,2,1,0,0.47347522
663,67,9,0.0,3,1,1,72318.77,1,1,0,0.6404285
468,26,1,131643.25,1,1,0,64436.16,3,1,0,0.4006752
591,36,7,135216.8,1,1,1,122022.89,3,1,0,0.26258066
430,49,3,137115.16,1,1,0,146516.86,2,1,1,0.88563937
661,41,1,0.0,2,0,1,131300.68,1,0,0,0.21957782
501,44,4,142051.07,2,0,1,74940.5,1,1,0,0.3804231
745,36,9,0.0,1,1,0,19605.18,1,0,1,0.47821677
666,27,1,85225.21,1,0,1,64511.44,1,0,0,0.18807921
686,45,3,74274.87,3,1,0,64907.48,3,1,1,0.9500194
661,44,1,141136.62,1,1,0,189742.78,2,1,1,0.8118393
608,42,8,131390.75,2,1,0,71178.09,2,1,0,0.34042606
705,40,3,92889.91,1,1,1,109496.69,2,0,0,0.5995514
760,43,8,121911.59,1,1,0,193312.33,1,1,0,0.6162194
698,36,7,121263.62,1,1,1,13387.88,2,0,0,0.55752164
476,37,4,0.0,1,1,1,55775.84,1,1,1,0.3741384
822,32,8,116358.0,1,1,0,108798.36,1,1,0,0.21112593
850,42,8,0.0,1,1,0,19632.64,1,0,1,0.6946671
745,33,1,0.0,2,1,1,174431.01,1,0,0,0.09798869
579,38,4,175739.36,1,1,1,193130.55,1,0,0,0.5264556
753,38,9,151766.71,1,1,1,180829.99,2,0,0,0.52695596
667,27,7,156811.74,1,1,1,149402.59,1,1,0,0.16268355
638,48,10,138333.03,1,1,1,47679.14,1,0,0,0.7008882
730,62,2,0.0,2,1,1,162889.1,3,0,0,0.25179982
758,35,5,0.0,2,0,0,100365.51,3,0,0,0.13272128
549,29,8,0.0,2,1,1,189558.44,1,0,0,0.100377925
708,32,10,86614.06,2,1,1,172129.26,1,1,0,0.11702054
568,31,1,61592.14,2,1,1,61796.64,2,0,0,0.16065103
519,48,10,71083.98,1,1,0,137959.0,1,1,0,0.79651654
631,29,2,96863.52,2,1,1,31613.35,2,0,0,0.2049334
757,32,9,0.0,2,1,0,115950.96,1,1,0,0.06877944
734,30,3,0.0,2,1,0,107640.25,1,1,0,0.07025406
678,31,2,0.0,2,1,1,58803.28,1,1,0,0.06434713
762,56,10,100260.88,3,1,1,77142.42,2,1,1,0.9533889
660,61,5,155931.11,1,1,1,158338.39,3,0,0,0.5213093
730,27,7,0.0,2,1,0,144099.48,1,0,0,0.113569625
645,48,7,90612.34,1,1,1,149139.13,1,0,0,0.74271435
660,31,9,125189.75,2,1,1,139874.43,2,1,0,0.15766405
565,40,1,89994.71,2,0,1,121084.27,2,0,0,0.41257125
686,34,3,123971.51,2,1,0,147794.63,1,0,0,0.22524542
740,44,9,0.0,1,0,1,96528.0,1,1,1,0.61800635
721,33,5,0.0,2,0,1,117626.9,3,1,0,0.055037074
604,71,2,0.0,2,1,1,49506.82,1,0,0,0.090857364
539,47,2,127286.04,2,1,1,166929.43,1,0,1,0.63994795
759,38,1,0.0,2,1,0,20778.39,3,1,0,0.09061001
567,41,0,134378.89,1,1,1,105746.94,2,1,0,0.5585504
742,31,4,105239.1,1,1,1,19700.24,1,1,0,0.17101547
687,72,9,0.0,1,0,1,69829.4,1,0,0,0.21986201
614,34,5,0.0,2,1,0,185561.89,1,0,0,0.11668184
828,47,1,109876.82,2,1,0,83611.45,3,1,1,0.6363922
764,39,9,138341.51,1,1,0,50072.94,2,0,1,0.70820075
635,46,8,0.0,2,1,1,60739.16,3,1,0,0.18867172
546,30,5,0.0,2,0,1,198543.09,1,0,0,0.118446894
484,35,7,133868.21,1,1,1,27286.1,3,0,0,0.31843892
721,36,1,155176.83,2,1,1,49653.37,1,1,0,0.18202904
609,40,10,137389.77,2,1,0,170122.22,2,0,0,0.4144633
684,48,10,126384.42,1,1,1,198129.36,2,0,0,0.71330535
586,38,2,0.0,2,1,0,87168.46,1,0,0,0.17092119
835,35,6,127120.07,1,1,0,28707.69,1,1,0,0.2728536
709,41,3,150300.65,2,1,0,71672.86,1,0,0,0.3623786
554,37,3,0.0,2,1,0,166177.3,3,1,0,0.094884776
765,56,1,0.0,1,1,0,13228.93,1,0,1,0.9543252
610,27,9,159561.93,1,0,1,103381.47,1,0,0,0.2020315
592,34,6,102143.93,2,1,1,102628.98,2,0,0,0.18000114
676,34,8,100359.54,1,0,0,46038.28,1,0,0,0.28572032
613,20,3,0.0,2,1,1,149613.77,1,1,0,0.04990168
607,32,6,0.0,2,0,0,196062.01,1,0,0,0.123955056
593,39,8,151391.68,1,1,0,27274.6,2,0,1,0.64160407
638,24,1,0.0,2,0,1,162597.15,1,1,0,0.05319905
711,25,5,190066.54,1,0,0,51345.39,1,0,1,0.51152784
634,46,5,123642.36,1,1,1,49725.16,2,0,1,0.789771
439,36,2,165536.28,2,1,1,123956.83,1,1,0,0.15234213
650,42,4,194532.66,1,1,0,171045.31,3,1,1,0.6518374
742,25,4,132116.13,2,1,0,129933.5,1,0,0,0.17709856
639,35,8,0.0,1,0,0,164453.98,1,0,0,0.4621952
504,32,8,206663.75,1,0,0,16281.94,1,0,0,0.5516794
701,23,3,0.0,2,1,0,38960.59,1,1,0,0.056471877
645,40,6,131411.24,1,1,1,194656.11,1,1,0,0.42585918
699,25,8,0.0,2,1,1,52404.47,3,0,0,0.102005474
571,38,6,107193.82,2,0,0,38962.94,1,0,0,0.34187067
667,23,1,0.0,2,1,0,91573.19,1,1,0,0.06178916
638,34,5,146679.77,1,1,0,102179.86,3,1,0,0.39178276
713,48,1,163760.82,1,0,0,157381.14,3,0,1,0.8446614
584,30,5,0.0,2,1,1,185201.58,3,0,0,0.10286859
687,34,7,129895.19,1,0,1,28698.17,1,1,0,0.1701486
613,69,9,78778.49,1,0,1,8751.59,2,1,0,0.27735972
694,42,8,133767.19,1,1,0,36405.21,1,1,0,0.5313609
682,30,9,0.0,2,1,1,2053.42,1,1,0,0.07297566
796,50,1,94164.0,1,1,1,189414.74,1,0,0,0.7251108
655,44,8,87471.63,1,0,1,188593.98,1,1,0,0.57482266
586,42,6,0.0,2,1,1,123410.23,3,1,0,0.08780316
640,33,6,84719.13,2,1,1,113048.79,1,0,0,0.1700395
666,37,2,158468.76,1,0,1,93266.01,2,0,0,0.46466118
543,42,7,0.0,1,1,1,56650.47,1,1,0,0.501219
492,49,2,151249.45,2,1,1,167237.94,2,0,0,0.69127035
792,50,9,0.0,4,1,1,194700.81,1,1,1,0.93635136
646,39,6,121681.91,2,0,1,61793.47,2,1,0,0.28739884
741,36,8,116993.43,2,1,0,168816.22,2,1,0,0.29240137
521,30,2,107316.09,1,1,0,64299.82,1,1,0,0.22162731
782,70,7,97072.42,1,0,1,131177.22,1,0,0,0.2709606
743,43,5,0.0,2,0,0,113079.19,1,1,1,0.18905628
737,30,8,174356.13,1,0,0,31928.5,1,1,0,0.3133273
674,18,7,0.0,2,1,1,55753.12,1,1,1,0.055268984
676,38,8,0.0,2,1,1,133692.88,1,1,0,0.06857479
835,38,7,86824.09,1,0,0,175905.97,3,1,0,0.44507056
573,46,3,65269.23,1,0,1,189988.65,3,1,1,0.6368218
727,57,1,109679.72,1,0,1,753.37,3,0,0,0.6400646
664,34,7,93920.47,1,0,0,179913.98,1,0,0,0.33772826
621,31,8,100375.39,1,1,1,90384.26,2,0,0,0.3897695
660,46,5,109019.65,2,1,1,33680.56,2,1,0,0.52965194
531,45,1,126495.57,2,1,1,164741.5,3,0,0,0.58875066
596,30,6,121345.88,4,1,0,41921.75,3,1,1,0.9306134
732,25,0,110942.9,1,0,0,172576.56,1,1,0,0.20554739
488,22,6,0.0,2,1,1,66393.89,1,0,0,0.080226116
713,25,4,121172.97,1,1,1,56268.98,1,0,0,0.19597742
697,48,2,108128.96,2,1,1,103944.37,2,0,0,0.6059512
651,38,2,0.0,3,1,0,67029.82,3,1,1,0.72428334
658,37,3,168735.74,2,0,0,70370.24,2,1,0,0.22322112
613,29,0,0.0,2,0,1,133897.32,3,1,0,0.08623454
779,37,7,120092.52,2,1,0,135925.72,2,1,0,0.32212782
579,39,5,117833.3,3,0,0,5831.0,2,0,1,0.95450693
588,48,1,143279.58,2,1,0,31580.8,2,0,1,0.727824
664,46,2,0.0,1,1,1,177423.02,1,1,1,0.683774
633,29,10,130206.28,1,1,0,184654.87,1,1,0,0.21507795
779,41,10,99786.2,1,1,0,86927.53,1,0,0,0.5503504
623,35,5,0.0,2,1,0,101192.08,1,0,0,0.14413197
744,26,5,166297.89,1,1,1,181694.44,3,0,0,0.331729
644,33,7,174571.36,1,0,1,43943.09,1,1,0,0.26316968
467,57,1,0.0,2,1,1,114448.77,1,1,0,0.33487368
736,43,4,176134.54,1,1,1,52856.88,1,1,0,0.49534342
592,55,8,85845.43,2,1,1,128918.42,3,1,0,0.48735604
617,27,4,0.0,2,0,0,190269.21,1,0,0,0.112274185
717,33,0,115777.23,1,1,1,81508.1,2,0,0,0.43393862
781,35,4,80790.74,1,1,0,116429.51,3,1,0,0.3834778
619,34,1,0.0,1,1,0,139919.38,3,1,0,0.46384192
571,47,7,0.0,2,0,0,112366.98,1,0,0,0.42843997
570,58,8,0.0,1,0,1,116503.92,1,0,1,0.7458012
809,41,1,79706.25,2,1,0,165675.01,2,1,0,0.24954884
703,26,1,97331.19,1,1,0,63717.49,2,0,0,0.56420916
475,32,8,119023.28,1,1,0,100816.29,1,0,0,0.29024553
692,43,2,69014.49,2,0,0,164621.43,2,0,0,0.5544445
484,39,5,0.0,2,1,1,175224.12,3,0,0,0.17632504
705,57,3,0.0,2,1,1,34134.14,3,0,0,0.2785879
674,45,6,72494.69,1,0,1,140041.78,1,0,0,0.6837544
639,77,6,80926.02,2,1,1,55829.25,1,1,0,0.11480223
571,38,1,121405.04,1,1,1,154844.22,1,1,0,0.27074736
524,29,9,144287.6,2,1,0,32063.3,2,1,0,0.18758938
671,50,8,0.0,1,0,1,2560.11,3,1,0,0.65534014
653,30,4,0.0,2,1,0,120736.04,3,1,0,0.06236867
554,40,4,0.0,1,0,1,168780.04,1,1,0,0.5097985
711,34,6,0.0,2,1,1,175310.38,1,0,0,0.10478844
589,59,2,0.0,2,1,1,126160.24,1,0,1,0.2560783
637,32,5,0.0,1,0,0,148769.08,1,1,0,0.35854357
445,48,7,168286.58,1,1,0,16645.77,2,0,1,0.87744844
598,40,9,0.0,1,1,0,68462.59,1,0,1,0.6928038
651,45,10,135923.16,1,1,0,18732.84,3,0,0,0.76729316
572,33,5,0.0,1,0,1,41139.05,1,1,0,0.3027052
739,45,7,102703.62,1,0,1,147802.94,2,1,1,0.73593384
697,31,3,108805.42,2,0,1,123825.83,2,1,0,0.23257917
786,40,6,0.0,2,0,0,41248.8,3,1,0,0.097452514
599,40,10,137456.28,2,1,1,14113.11,2,1,0,0.26975474
735,31,3,119558.35,1,0,0,72927.68,1,1,0,0.22393668
850,43,0,108508.82,3,1,0,184044.8,2,1,1,0.9586443
708,33,8,0.0,2,0,1,15246.83,1,0,0,0.1092756
687,40,1,0.0,2,1,0,8207.36,3,0,0,0.21579424
619,41,5,92467.58,1,1,0,38270.47,2,0,0,0.72028923
776,38,2,169824.46,1,1,0,169291.7,1,0,0,0.4998458
720,31,4,141356.47,1,0,0,137985.69,3,1,0,0.35800925
785,39,1,130147.98,1,1,0,163798.41,1,0,1,0.51213986
774,36,7,103688.19,1,0,1,118971.74,1,1,0,0.21424328
699,36,2,123601.56,2,1,0,103557.85,2,1,0,0.29735833
776,36,1,0.0,2,1,0,53477.76,1,1,0,0.070662424
559,34,4,0.0,2,1,1,66721.98,1,1,0,0.06360392
670,37,2,0.0,2,1,1,54229.74,1,1,0,0.0687976
740,36,4,109044.6,1,0,0,94554.74,2,0,1,0.6412314
577,29,2,0.0,1,1,1,168924.41,3,1,0,0.3079681
761,33,6,138053.79,2,1,0,148779.41,1,0,0,0.20474254
795,32,2,117265.21,1,1,1,198317.23,1,1,0,0.23246476
765,41,4,124182.21,1,0,0,100153.43,1,1,0,0.4727702
517,59,8,154110.99,2,1,0,101240.08,2,0,1,0.9029856
621,50,5,0.0,2,1,0,191756.54,1,0,1,0.49903828
627,28,3,157597.61,1,0,1,34097.22,3,0,0,0.28295094
624,46,3,0.0,2,1,1,62825.03,3,1,0,0.1932702
656,23,4,163549.63,1,0,1,21085.12,2,0,0,0.4033566
586,35,7,164769.02,3,1,0,119814.25,1,0,1,0.93841743
590,51,3,154962.99,3,0,1,191932.27,3,0,1,0.9420602
523,30,1,83181.29,1,1,1,138176.78,1,1,0,0.15012567
728,37,0,0.0,2,1,1,72203.8,1,1,0,0.10171904
593,38,4,88736.44,2,1,0,67020.03,3,0,0,0.41729543
648,50,9,102535.57,1,1,1,189543.19,1,0,0,0.72235644
530,33,4,129307.32,1,1,1,172930.28,1,0,0,0.27914447
700,32,3,0.0,1,0,0,95740.37,1,0,0,0.47608867
546,29,5,0.0,1,1,1,94823.95,1,1,0,0.25605747
757,36,7,144852.06,1,0,0,130861.95,1,1,0,0.3307478
750,37,6,0.0,1,1,1,117948.0,1,0,1,0.41649395
683,36,7,0.0,2,1,0,104786.59,3,0,0,0.14782919
606,61,5,108166.09,2,0,1,8643.21,1,1,0,0.40650168
650,20,8,0.0,2,1,1,113469.65,3,1,0,0.049144622
678,34,6,0.0,2,1,1,124592.84,1,0,0,0.090911746
664,36,2,127160.78,2,1,0,78140.75,2,0,0,0.34888554
627,44,6,153548.12,1,0,0,35300.08,1,1,1,0.5761447
649,36,6,86607.39,1,0,0,19825.09,3,0,0,0.4868816
779,33,1,158456.76,1,1,1,197000.92,2,1,1,0.40115574
766,47,9,129289.98,1,1,0,169935.46,2,1,1,0.8808494
684,38,3,0.0,2,1,0,44255.65,3,0,0,0.16803974
744,42,1,112419.92,1,1,1,83022.92,1,1,0,0.38360998
783,58,3,127539.3,1,1,1,96590.39,2,0,1,0.75128496
744,30,1,128065.12,1,1,0,121525.48,3,1,0,0.39564493
513,35,8,0.0,1,1,0,76640.29,1,1,1,0.43398055
758,33,0,129142.54,2,1,1,26606.28,2,1,0,0.26637465
622,28,1,143124.63,2,1,0,81723.8,2,0,0,0.23470896
680,44,0,129974.79,2,1,1,33391.38,2,1,0,0.538045
667,44,5,140406.68,2,0,1,57164.19,2,0,0,0.53471935
635,24,4,140197.18,1,1,1,142935.83,3,1,0,0.21795434
546,27,8,0.0,2,1,1,14858.1,1,0,0,0.08974504
610,35,7,81905.95,1,1,1,61623.19,1,0,0,0.24742979
678,36,1,117864.85,2,1,0,27619.06,2,1,0,0.3070858
599,35,6,137102.65,1,0,0,76870.81,3,1,0,0.39561057
589,50,4,0.0,2,0,1,182076.97,1,0,0,0.37465122
698,29,5,95167.55,1,1,1,152723.23,1,1,0,0.14420311
748,45,2,119852.01,1,0,0,73853.94,2,1,1,0.86647314
535,48,9,109472.47,1,1,0,157358.43,3,1,1,0.82073396
601,48,8,120782.7,1,1,0,63940.68,2,0,1,0.8848065
810,38,9,153166.17,1,1,1,93261.69,1,0,0,0.31134704
570,21,7,116099.82,1,1,1,148087.62,3,1,0,0.21448752
696,41,9,127523.75,1,0,1,191417.42,3,1,0,0.2800498
656,49,9,97092.87,1,1,0,74771.22,2,0,1,0.89319056
838,41,5,0.0,2,1,0,81313.51,3,0,0,0.17911401
585,56,1,128472.8,1,1,0,186476.91,3,0,1,0.9247702
594,61,3,62391.22,1,1,1,192434.11,1,1,0,0.57583
688,41,2,112871.19,2,0,1,65520.74,2,1,0,0.30698243
762,26,6,130428.78,1,1,0,173365.89,1,1,0,0.22673081
669,25,1,157848.53,1,0,0,37543.93,1,1,1,0.21261
602,63,7,0.0,2,1,1,56323.21,1,0,0,0.15912977
504,44,0,131873.07,2,1,1,158036.72,2,0,1,0.60810244
682,38,4,107192.38,1,1,1,15669.17,1,1,0,0.3006795
850,45,5,127258.79,1,1,1,192744.23,2,0,1,0.76235455
567,54,9,96402.96,1,0,0,52035.29,1,1,1,0.9068927
617,50,7,0.0,1,1,0,184839.7,3,1,1,0.8874341
652,51,7,0.0,2,0,1,43496.36,1,1,0,0.20350362
835,47,5,108289.28,2,1,1,45859.55,2,0,1,0.4544401
688,32,6,123157.95,1,1,0,172531.23,1,0,0,0.34104455
646,37,7,96558.66,1,0,0,163427.18,1,0,0,0.43912315
743,30,7,77599.23,1,0,0,144407.1,1,1,0,0.22123247
507,29,4,89349.47,2,0,0,180626.68,1,0,0,0.18336895
652,31,2,119148.55,1,0,0,149740.22,1,1,0,0.2078107
588,35,7,0.0,2,1,1,108739.15,3,0,0,0.108372934
640,20,4,0.0,2,0,1,78310.82,1,0,0,0.07784029
545,37,9,95829.13,2,0,1,104936.88,2,1,0,0.21040909
350,40,0,111098.85,1,1,1,172321.21,1,0,1,0.58469087
651,41,1,90218.11,1,1,0,174337.68,2,1,0,0.7015744
672,52,8,170008.84,1,0,0,56407.42,1,1,1,0.897668
438,31,8,78398.69,1,1,0,44937.01,2,1,0,0.36724845
556,40,5,125909.85,1,1,1,95124.4,1,1,0,0.34246394
719,36,3,155423.17,1,1,1,199841.32,1,1,0,0.35192612
578,23,10,88980.32,1,1,1,125222.36,1,1,0,0.13302456
674,21,9,120150.39,2,1,1,33964.03,1,0,0,0.15594226
692,36,3,79551.12,1,0,1,178267.07,1,0,0,0.34356493
719,38,0,0.0,1,1,0,126876.47,3,1,0,0.5545257
840,51,1,87779.83,1,0,1,36687.11,2,0,1,0.81390554
526,28,1,112070.44,1,0,1,126281.83,1,1,0,0.13886406
468,56,10,0.0,3,0,1,62256.87,1,0,1,0.92950356
625,49,4,128504.76,1,1,0,126812.63,2,0,1,0.90058327
495,47,10,137682.68,1,1,0,71071.47,1,1,0,0.74035585
659,36,6,123841.49,2,1,0,96833.0,1,1,0,0.22170867
787,85,10,0.0,2,1,1,116537.96,1,0,0,0.13201778
673,43,5,168069.73,1,1,1,146992.24,1,0,1,0.5862691
695,53,8,95231.91,1,0,0,70140.8,2,0,1,0.92612326
690,54,1,144027.8,1,1,1,108731.02,2,0,1,0.79416317
720,60,9,115920.62,2,0,0,157552.08,2,1,1,0.9028299
432,45,3,110219.14,1,1,0,43046.7,2,0,1,0.8695882
641,31,10,155978.17,1,1,0,91510.71,1,1,0,0.28428692
676,48,3,80697.44,1,0,0,101397.86,2,1,0,0.86221087
468,46,7,91443.75,1,1,0,10958.18,1,1,0,0.72808844
515,28,9,0.0,2,0,0,94141.75,1,0,0,0.10184286
671,32,6,123912.78,2,1,1,146636.44,3,1,0,0.17189513
772,26,7,152400.51,2,1,0,79414.0,2,1,0,0.16966008
571,40,10,112896.86,1,1,1,121402.53,1,1,0,0.32401538
726,42,2,109471.79,1,0,1,175161.05,1,0,0,0.52375
606,23,10,70417.79,1,0,1,90896.04,3,0,0,0.2823485
624,35,7,119656.45,2,1,1,4595.05,3,0,0,0.3106477
636,67,7,136709.35,1,0,1,66753.1,2,1,1,0.44936195
463,41,8,123151.51,2,1,0,70127.93,2,0,0,0.4616651
635,65,5,117325.54,1,1,0,155799.86,2,0,1,0.9426219
576,52,2,100549.43,2,1,1,16644.16,3,1,0,0.54506016
795,56,5,0.0,1,1,0,35418.69,3,0,1,0.9481904
521,39,6,0.0,2,0,1,27375.15,1,0,0,0.17914747
554,26,4,121365.39,1,1,1,8742.36,2,1,0,0.39410293
733,44,3,106070.89,1,0,1,101617.43,3,1,0,0.44691885
718,49,10,0.0,1,1,0,184474.72,1,0,1,0.87908554
554,39,10,160132.75,1,1,0,32824.15,1,0,0,0.5174208
490,34,5,122952.9,2,0,0,154360.97,1,1,0,0.14966671
652,42,4,0.0,2,1,1,38152.01,3,0,0,0.17978269
674,26,6,166257.96,1,1,1,149369.41,1,1,0,0.17375775
498,29,9,0.0,1,1,0,190035.83,1,0,0,0.46015778
811,42,10,0.0,2,1,1,3797.79,1,1,0,0.105438
850,31,6,131996.66,2,1,1,178747.43,1,1,0,0.122158475
634,36,2,85996.19,1,1,0,15887.68,3,1,0,0.390496
588,64,3,0.0,1,1,1,189703.65,1,0,0,0.500328
663,36,6,77253.5,1,0,0,35817.97,2,0,1,0.54612976
609,39,3,121778.71,1,1,1,138399.67,1,1,0,0.30783772
817,46,0,89087.89,1,0,1,87941.85,2,0,1,0.7769188
763,32,9,160680.41,1,1,0,30886.35,2,1,0,0.4694459
634,38,2,148430.55,1,1,1,56055.72,2,1,0,0.4809407
708,19,7,112615.86,1,1,1,4491.77,3,1,0,0.21917044
529,34,9,0.0,1,1,1,93208.22,3,1,0,0.33246252
793,52,2,0.0,1,1,0,159123.82,3,1,1,0.9249767
786,29,7,80895.44,2,1,0,64945.57,3,1,0,0.13217342
642,33,9,0.0,2,1,1,150475.14,3,0,0,0.098623656
603,35,1,123407.69,1,1,0,152541.89,2,1,1,0.55150896
582,31,2,0.0,2,1,1,33747.03,1,1,0,0.056347996
598,35,8,0.0,3,0,1,88658.73,3,0,0,0.75955975
644,47,9,137774.11,2,1,0,151902.78,2,1,0,0.6580276
627,29,5,139541.58,2,1,0,80607.33,2,1,0,0.19104864
556,33,3,124213.36,2,1,0,62627.55,2,1,0,0.2578179
696,24,9,0.0,1,0,0,10883.52,3,1,0,0.4013092
454,48,5,144837.79,1,1,1,93151.77,3,0,0,0.5925882
850,31,1,96399.31,2,1,0,106534.15,1,1,0,0.12554927
606,34,3,161572.24,1,0,1,191076.22,3,1,0,0.31049484
746,49,7,0.0,2,0,1,10096.25,3,1,0,0.21604355
734,51,1,118537.47,1,1,1,116912.45,1,1,0,0.68194926
694,47,4,0.0,2,1,0,197528.62,1,1,0,0.30986276
622,32,6,169089.38,2,1,0,101057.95,1,0,0,0.19291869
641,31,9,112494.99,1,1,1,32231.6,1,1,0,0.15639625
539,22,0,100885.93,2,1,1,38772.65,1,0,0,0.15822677
626,23,6,85897.95,1,1,0,109742.8,2,0,0,0.4595242
662,29,5,147092.65,1,1,0,10928.3,1,1,0,0.26213217
496,41,1,176024.05,2,1,0,182337.98,1,0,0,0.3471942
719,35,8,0.0,1,1,1,165162.4,3,0,0,0.39646348
694,35,7,0.0,1,1,0,133570.43,3,0,1,0.5563073
629,35,8,112330.83,1,1,1,91001.02,2,1,0,0.38629267
707,46,7,127476.73,2,1,1,146011.55,1,0,0,0.5963743
640,45,1,0.0,1,1,1,10908.33,1,1,0,0.68972075
760,32,7,0.0,2,1,1,105969.05,1,0,0,0.094059944
774,34,4,120875.23,2,0,1,113407.26,2,1,0,0.17224425
710,34,9,134260.36,2,1,0,147074.67,2,1,0,0.18882257
562,36,5,0.0,1,0,1,182843.24,3,1,0,0.4993455
569,37,9,178755.84,1,1,0,199929.17,1,1,0,0.5454741
685,43,6,117302.62,1,0,0,68701.73,3,0,0,0.681792
516,37,8,0.0,1,1,0,101834.58,1,1,0,0.49101883
850,32,8,0.0,2,1,1,55593.8,1,0,0,0.08666377
559,40,7,144470.77,1,1,1,18917.95,3,0,0,0.3568985
757,30,3,145396.49,1,0,1,198341.15,3,1,0,0.23982532
651,25,2,109175.14,2,1,0,114566.47,2,0,0,0.3492905
740,36,4,172381.8,1,1,1,86480.29,1,1,0,0.30170485
545,55,5,0.0,1,0,0,10034.77,1,0,1,0.94388604
641,40,5,102145.13,1,1,1,100637.07,3,1,0,0.26757786
669,35,7,0.0,1,1,1,49108.23,1,0,1,0.36620244
655,37,4,0.0,2,1,1,142415.97,1,1,0,0.0696073
729,39,1,131513.26,1,1,1,193715.0,2,0,0,0.61155826
512,33,3,176666.62,1,1,0,94670.77,3,1,0,0.39303994
621,31,7,136658.61,1,1,1,148689.13,1,1,0,0.15261285
693,31,1,0.0,2,0,1,182270.88,1,1,0,0.06611199
708,33,3,0.0,2,1,0,138613.21,3,1,0,0.06307616
754,19,9,0.0,1,1,0,189641.11,3,0,0,0.5017671
778,48,3,102290.56,2,1,0,182691.31,2,0,0,0.77690756
651,35,1,163700.78,3,1,1,29583.48,2,0,1,0.8858238
608,50,6,0.0,1,1,0,93568.77,1,1,1,0.84534717
702,60,5,138597.54,2,1,1,41536.59,2,0,1,0.44803837
613,24,7,140453.91,1,1,0,129001.3,1,0,0,0.2657599
717,36,2,148061.89,1,1,0,179128.69,1,1,1,0.3986327
463,35,2,101257.16,1,1,1,118113.64,1,1,0,0.17475599
692,24,2,120596.93,1,0,1,180490.53,2,1,0,0.42013445
684,40,6,137326.65,1,1,0,186976.6,2,0,0,0.7478314
678,49,1,0.0,2,1,1,102472.9,3,0,0,0.27217197
619,40,9,103604.31,2,0,0,140947.05,2,1,0,0.3057962
632,40,3,109740.62,1,1,0,141896.74,3,0,0,0.5637504
576,32,7,0.0,2,1,0,4660.91,1,1,0,0.059042074
791,25,7,0.0,1,1,0,89666.28,3,1,0,0.38626644
509,26,10,0.0,2,1,1,6177.83,1,1,0,0.0609991
567,36,7,0.0,2,0,1,3896.08,1,1,0,0.07888198
630,28,8,106425.75,1,1,1,20344.84,2,0,0,0.49943012
674,27,4,79144.34,1,0,1,50743.83,1,0,0,0.20676206
663,37,7,143625.83,2,0,1,176487.05,2,1,0,0.2200516
626,62,3,0.0,1,1,1,65010.74,3,1,0,0.56891274
710,37,6,135795.63,1,0,1,46523.6,2,1,0,0.4779191
698,45,5,164450.94,1,1,0,141970.02,3,1,1,0.71542144
754,55,3,161608.81,1,1,0,8080.85,2,0,1,0.9439585
520,34,4,134007.9,1,1,1,193209.11,1,1,0,0.2516281
706,46,7,111288.18,1,1,1,149170.25,2,0,1,0.8093937
738,31,9,79019.8,1,1,1,18606.23,3,1,0,0.22720946
850,39,6,0.0,2,1,0,103921.43,3,0,0,0.1481748
750,39,6,0.0,2,0,0,19264.33,3,0,0,0.1966055
617,54,6,102141.9,1,1,1,45325.26,1,1,0,0.6596522
616,37,9,0.0,1,1,0,111312.96,1,1,0,0.50296026
548,32,5,175214.71,1,1,1,155165.61,2,1,0,0.33114928
507,40,3,120105.43,1,1,0,92075.01,2,1,1,0.71308947
809,38,2,154763.21,2,1,1,174800.31,1,0,0,0.22304371
673,38,2,170061.92,2,0,0,134901.34,1,0,1,0.33396575
487,44,6,61691.45,1,1,1,53087.98,3,1,0,0.5619196
782,41,4,0.0,1,1,0,132943.88,3,0,0,0.69840974
778,42,6,0.0,2,1,1,106197.44,1,1,0,0.091010936
608,56,5,0.0,2,0,1,153810.41,3,0,0,0.34357575
526,37,5,53573.18,1,1,0,62830.97,1,0,0,0.5266487
638,53,1,123916.67,1,1,0,16657.68,2,0,1,0.9369812
681,34,7,0.0,2,0,0,130686.59,1,1,0,0.0652874
693,44,5,124601.58,2,1,1,46998.13,2,1,1,0.47108516
529,61,1,0.0,2,1,1,191370.97,1,1,0,0.29803917
779,38,7,0.0,2,1,1,138542.87,3,0,0,0.13869143
550,45,8,111257.59,1,0,0,97623.42,2,0,1,0.86541486
535,35,8,118989.92,1,1,1,135536.72,3,1,0,0.23390289
618,44,5,157955.83,2,0,0,139297.71,2,1,0,0.43240586
458,35,9,146780.52,2,1,1,3476.38,2,1,0,0.16138764
539,38,5,0.0,2,1,0,47388.41,1,1,0,0.09964552
715,38,0,0.0,2,1,1,332.81,1,0,0,0.38011172
592,41,2,138734.94,1,1,0,90020.74,3,0,0,0.54374474
645,29,1,130131.08,2,0,1,196474.35,1,1,0,0.09735595
733,38,9,111347.37,2,0,1,194872.97,2,1,0,0.21219091
565,58,3,108888.24,3,0,1,135875.51,2,0,1,0.96465033
566,34,3,0.0,1,0,0,188135.69,1,1,0,0.5099064
569,42,1,0.0,1,1,1,83629.6,3,0,1,0.55960315
680,34,3,143292.95,1,1,0,66526.01,1,1,0,0.26718774
564,31,4,0.0,2,1,0,53520.03,1,1,0,0.06770854
601,39,3,72647.64,1,1,0,41777.9,1,1,1,0.4086525
771,33,5,0.0,2,1,0,8673.43,3,0,0,0.13126814
636,32,8,0.0,2,1,0,138555.46,3,0,0,0.107448705
659,39,8,106259.63,2,1,1,198103.32,2,1,0,0.18696518
678,43,2,153393.18,2,1,1,193828.27,2,0,0,0.33657977
732,46,0,0.0,2,1,1,184350.78,1,1,0,0.20652457
651,28,10,79562.98,1,1,1,74687.37,1,1,0,0.15034941
755,78,5,121206.96,1,1,1,76016.49,1,0,0,0.16393414
674,45,7,142072.02,1,1,0,37013.29,1,1,0,0.7099496
659,20,8,0.0,2,0,0,112572.02,1,1,0,0.06157382
721,49,1,120108.56,1,0,1,183421.76,1,0,0,0.75548416
766,26,3,104258.8,1,1,1,428.23,1,0,0,0.20138597
575,30,8,0.0,2,1,0,185341.63,3,0,0,0.11839943
537,42,1,190569.23,1,0,1,127154.8,3,1,0,0.38159093
633,33,4,92855.02,1,1,1,159813.18,3,0,0,0.27381486
707,40,1,0.0,2,1,0,14090.4,1,1,1,0.10930756
602,38,7,111835.94,2,1,0,124389.61,1,1,0,0.27856952
684,42,1,117691.0,1,1,1,23135.65,2,1,1,0.58521754
621,39,6,0.0,2,1,1,58883.91,1,1,0,0.07995426
777,30,4,137851.31,1,1,0,5008.23,1,0,1,0.2691674
828,30,4,73070.18,2,0,0,161671.15,1,1,0,0.10862607
573,30,8,127406.5,1,1,0,192950.6,2,1,0,0.57335615
673,43,8,127132.96,1,0,1,6009.27,3,1,1,0.45619595
481,44,9,175303.06,1,1,0,65500.53,1,1,1,0.7196228
738,44,2,0.0,2,1,0,43018.82,3,1,1,0.19972704
562,27,3,0.0,2,1,0,28137.03,1,0,0,0.09223991
707,53,6,109663.47,1,1,1,52110.45,3,0,0,0.6113861
604,47,4,118907.6,1,0,1,47777.15,2,0,1,0.813993
655,32,9,113447.01,1,1,0,82084.3,2,1,0,0.53243554
674,44,3,88902.21,1,1,0,73731.32,2,1,0,0.784977
663,52,0,136298.65,1,1,0,144593.3,3,1,1,0.8733029
510,38,4,0.0,1,1,0,118913.53,3,0,1,0.5757289
704,45,6,0.0,1,1,1,137739.45,1,0,0,0.74387807
659,35,6,0.0,2,1,1,58879.11,1,1,0,0.06472857
682,41,6,0.0,2,0,1,134158.09,1,1,1,0.08267557
598,56,4,98365.33,1,1,1,44251.33,3,0,0,0.6284559
552,42,8,103362.14,1,0,1,186869.58,2,0,1,0.70571434
587,37,6,104414.03,1,1,0,192026.02,2,0,0,0.7063214
686,37,9,134560.62,1,1,0,27596.39,1,1,0,0.33354348
697,30,1,0.0,2,0,0,735.79,3,1,0,0.11168423
778,45,1,162150.42,2,1,0,174531.27,2,0,0,0.6274256
850,36,7,102800.72,1,1,1,87352.43,2,1,0,0.3793503
656,36,8,97786.08,2,0,1,21478.36,1,1,0,0.16903204
656,32,1,104254.27,1,1,1,17034.37,3,0,0,0.30795422
849,69,7,71996.09,1,1,1,139065.94,1,1,0,0.175435
632,47,3,0.0,2,1,0,178822.32,3,1,0,0.35859197
770,30,8,0.0,2,0,1,50839.85,3,1,0,0.05640934
681,36,5,141952.07,1,1,1,185144.08,1,1,0,0.30892253
660,37,2,97324.91,1,1,0,23291.83,1,1,0,0.3092681
649,36,8,0.0,2,0,1,109179.89,1,0,0,0.12383201
807,42,9,105356.09,2,1,1,130489.37,2,0,0,0.3901866
765,44,6,0.0,2,1,1,159899.97,1,1,0,0.12855412
824,49,8,133231.48,1,1,1,67885.37,2,1,0,0.75375813
619,25,4,0.0,1,1,0,145524.36,1,1,0,0.35004163
555,35,1,0.0,2,1,0,101667.0,3,0,0,0.13885596
764,28,10,124023.18,1,1,0,166188.28,2,1,0,0.5119361
752,53,8,114233.18,1,1,1,51587.04,1,0,0,0.7200424
772,42,3,75075.31,2,1,0,92888.52,2,1,1,0.28925458
660,40,8,167181.01,1,1,1,185156.94,1,0,0,0.45043457
670,40,2,164948.98,3,0,0,177028.0,2,1,1,0.9114225
654,32,9,121455.65,1,1,0,190068.53,1,1,1,0.27313736
754,61,5,146622.35,1,1,1,41815.22,1,1,1,0.40394485
613,41,7,0.0,2,1,0,60297.72,1,1,0,0.10895497
581,37,7,0.0,2,1,1,74320.75,1,1,0,0.074441135
521,43,8,0.0,1,1,1,93180.09,1,1,0,0.6276774
498,34,5,0.0,2,1,1,91711.66,1,1,0,0.055280663
416,25,0,97738.97,2,1,1,160523.33,2,0,0,0.24248855
708,59,2,0.0,1,1,0,179673.11,1,0,1,0.9527707
737,45,2,99169.67,2,1,1,78650.95,2,0,0,0.6106079
819,35,1,0.0,2,0,1,3385.04,1,1,0,0.055478998
533,35,8,0.0,2,1,1,187900.12,1,0,0,0.1277249
641,40,4,101090.27,1,1,1,51703.09,3,0,0,0.33113277
688,26,0,0.0,2,1,0,105784.85,1,1,0,0.107354924
756,34,2,148200.72,1,0,0,194584.48,2,0,0,0.5792824
807,43,1,105799.32,2,1,0,34888.04,1,1,1,0.3178206
769,29,2,123757.52,2,1,0,84872.66,1,1,0,0.16318162
489,38,5,117289.92,1,0,0,85231.88,1,0,0,0.46324116
545,44,1,0.0,2,1,1,82614.89,3,0,0,0.23094642
773,51,8,116197.65,2,1,1,86701.4,2,1,0,0.5418569
727,38,2,62276.99,1,1,1,59280.79,3,1,0,0.36791986
639,39,6,150555.83,1,1,0,30414.17,1,1,0,0.44995952
604,43,2,145081.72,1,1,1,23881.62,3,1,0,0.4618958
585,37,6,152496.82,1,1,1,99907.29,2,1,0,0.40986612
769,51,9,156773.78,2,1,0,40257.79,1,1,0,0.7230286
581,28,3,104367.5,1,1,1,29937.75,1,1,0,0.14819527
524,32,1,144875.71,1,0,0,187740.04,1,1,0,0.26831254
683,35,1,132371.3,2,0,0,186123.57,2,0,0,0.23358211
730,37,1,0.0,2,1,1,124364.63,1,0,0,0.13549936
551,27,2,113873.22,1,1,1,85129.77,3,1,1,0.23223726
764,40,9,100480.53,1,1,0,124095.69,1,0,0,0.5705044
680,47,5,0.0,2,1,1,179843.33,1,0,0,0.27311364
587,62,7,121286.27,1,0,1,6776.92,3,1,0,0.51335627
675,42,2,92616.64,2,1,0,8567.18,2,1,0,0.31089163
735,41,7,179904.0,1,1,1,137180.95,1,1,0,0.41040674
653,38,8,119315.75,1,1,0,150468.35,1,1,0,0.344032
615,66,7,0.0,2,1,1,74580.8,1,1,0,0.099805504
789,51,3,104677.09,1,1,0,74265.38,2,1,0,0.9195699
579,36,9,129829.59,1,1,1,60906.12,1,1,0,0.24053855
714,49,5,140510.89,1,1,0,141914.94,2,0,0,0.91386193
688,32,6,124179.3,1,1,1,138759.15,3,1,0,0.22734126
518,46,4,113625.93,1,0,0,92727.42,2,1,1,0.86968243
737,45,2,0.0,2,0,1,177695.67,3,0,0,0.27554837
773,23,8,0.0,2,1,0,56759.79,3,0,0,0.11297242
652,33,3,124832.51,1,1,0,195877.06,3,0,0,0.47227913
834,38,8,0.0,2,1,1,66485.26,3,1,0,0.06087987
586,42,6,126704.49,2,1,0,41682.3,2,1,0,0.3716549
618,41,8,37702.79,1,1,1,195775.48,2,1,0,0.59657204
650,33,0,98064.97,1,1,0,52411.99,1,1,0,0.19983292
708,41,0,0.0,1,1,0,128400.62,1,1,0,0.6342555
544,22,3,66483.32,1,0,1,110317.39,3,1,0,0.2598671
710,31,5,0.0,2,1,0,9561.73,3,0,0,0.12708013
525,23,5,0.0,2,1,0,160249.1,1,0,0,0.11470485
825,29,3,148874.01,2,0,1,71192.82,1,1,0,0.10802179
694,31,10,0.0,2,1,0,160990.27,1,0,0,0.1632386
623,23,1,106012.2,2,0,1,191415.94,1,1,0,0.10154798
630,33,9,0.0,2,1,0,64804.59,1,1,0,0.06801764
570,29,4,153040.03,1,1,1,131363.57,1,0,1,0.21867996
578,28,8,161592.76,1,1,0,177834.79,3,0,0,0.46683124
611,43,8,64897.75,1,1,0,114996.33,1,0,0,0.6955569
597,46,4,0.0,2,1,0,58667.16,3,0,1,0.32104138
850,44,8,0.0,2,1,1,183617.32,3,1,0,0.106962524
737,43,1,125537.38,1,1,0,138510.01,2,0,1,0.8566481
703,42,7,0.0,2,0,1,72500.68,1,0,0,0.20143904
681,25,5,0.0,1,0,1,90860.97,1,1,0,0.26261547
459,42,6,129634.25,2,1,1,177683.02,3,0,1,0.3620649
850,39,2,148586.64,1,1,1,176791.27,1,0,0,0.40750256
622,34,7,98675.74,1,1,0,138906.85,2,0,1,0.5313798
593,44,5,0.0,1,1,0,128046.98,3,1,0,0.73576653
708,51,8,70754.18,1,1,1,92920.04,1,0,1,0.6819401
850,38,0,106831.69,1,0,1,148977.72,1,0,0,0.34732646
733,48,7,85915.52,1,1,1,23860.5,2,1,0,0.695409
697,43,7,115371.94,2,1,0,64139.1,2,1,0,0.5328695
443,35,6,161111.45,1,0,0,13946.66,1,1,0,0.33389246
596,21,4,210433.08,2,0,1,197297.77,1,1,1,0.1613089
645,25,1,157404.02,2,1,0,93073.04,2,1,0,0.18586761
621,47,7,107363.29,1,1,1,66799.28,2,1,0,0.7836027
741,21,9,0.0,2,0,1,139259.54,1,0,0,0.089157686
595,64,2,105736.32,1,1,1,89935.73,2,0,1,0.47453555
630,49,1,0.0,2,0,1,162858.29,3,0,0,0.36426005
562,45,6,136855.24,1,1,0,46864.0,1,1,0,0.734324
777,35,3,0.0,2,1,1,17257.72,3,0,0,0.15102765
720,64,3,45752.78,2,1,0,79623.28,3,1,1,0.73766464
626,26,8,148610.41,3,0,1,104502.02,3,0,1,0.9025996
714,45,8,150900.29,2,0,1,139889.15,3,1,0,0.44118804
538,33,6,93791.38,1,1,1,199249.29,1,1,0,0.2979422
633,36,6,125130.28,1,0,0,125961.48,1,0,0,0.36341783
667,77,2,0.0,1,1,1,34702.92,3,1,0,0.12912595
754,35,4,0.0,2,1,0,44830.71,1,0,0,0.13438147
554,42,1,0.0,2,0,1,183492.9,3,1,0,0.10457592
618,56,7,0.0,1,1,1,142400.27,1,1,1,0.72309613
583,22,2,0.0,2,0,1,5985.36,3,0,0,0.09642134
756,28,8,179960.2,1,1,0,89938.08,1,1,0,0.45658207
782,27,3,0.0,2,1,0,143614.01,3,0,0,0.10044632
712,36,2,100749.5,3,0,0,70758.37,1,1,1,0.9154479
793,54,2,128966.13,1,0,0,18633.4,2,1,1,0.94275624
578,46,5,113226.47,1,1,0,56770.76,1,1,0,0.7360679
709,32,4,147307.91,1,0,1,40861.55,1,1,0,0.16902716
513,41,9,107135.04,2,1,1,160546.58,3,0,0,0.32695478
507,46,6,92783.68,1,1,1,51424.29,3,1,0,0.56084764
724,40,10,0.0,1,1,0,127847.25,1,1,1,0.6451167
661,32,1,145980.23,1,0,1,56636.28,2,0,0,0.44512475
590,32,0,127763.24,1,1,0,100717.54,1,0,0,0.27686098
554,31,6,135470.9,1,1,0,107074.81,2,0,0,0.5836826
597,28,2,0.0,3,1,1,78707.97,1,1,0,0.7183041
474,26,6,0.0,2,0,0,152491.22,1,1,0,0.06954679
593,48,3,133903.12,2,1,1,85902.39,2,0,1,0.61806583
594,41,2,122545.65,2,1,1,42050.24,2,1,0,0.31307626
576,41,4,112609.91,1,0,0,191035.18,1,0,1,0.61903685
566,22,7,144954.75,2,1,0,102246.0,2,1,0,0.19662367
612,63,2,131629.17,2,1,0,122109.58,3,0,1,0.91409296
724,40,6,0.0,2,0,0,106149.48,1,1,0,0.11194739
790,34,2,164011.48,1,1,0,199420.41,2,0,0,0.47753462
657,29,7,83889.03,1,1,0,153059.62,3,1,0,0.29649195
687,48,4,0.0,2,1,1,170893.85,1,1,0,0.20366742
723,38,6,0.0,2,1,1,94415.6,3,1,0,0.067168206
662,22,9,0.0,2,1,1,44377.65,1,0,0,0.08239046
786,39,7,0.0,2,0,0,100929.59,3,0,0,0.16919377
524,40,2,180516.9,1,1,0,180002.42,1,1,0,0.6079992
625,52,8,121161.57,1,1,0,48988.28,3,1,0,0.885852
759,22,5,0.0,1,1,0,22303.17,1,0,0,0.40911353
678,41,1,143443.61,1,1,0,196622.28,1,0,1,0.53055024
601,37,5,0.0,1,0,0,20708.6,1,0,0,0.5330505
661,48,3,120320.54,1,0,0,96463.25,1,1,0,0.7604986
671,38,0,92674.94,2,1,0,3647.57,3,1,0,0.3710489
663,33,5,157274.36,2,1,1,28531.81,1,1,0,0.14557558
800,46,6,0.0,2,1,0,171928.04,3,0,0,0.34926012
650,30,6,0.0,1,0,0,67997.13,3,0,1,0.54067
807,37,10,130110.45,2,0,1,172097.95,2,1,0,0.1467876
687,30,6,0.0,2,0,0,179206.92,1,0,0,0.12913848
478,50,2,0.0,1,0,1,93332.64,1,0,1,0.79252726
497,27,7,149400.27,1,0,0,167522.19,3,1,0,0.3585683
678,55,4,129646.91,1,1,1,184125.1,2,1,1,0.78666157
705,44,10,106731.58,1,1,0,137419.87,2,0,1,0.85187644
702,39,8,0.0,2,1,0,99654.13,3,1,0,0.09302157
688,46,0,74458.25,1,0,1,6866.31,2,0,0,0.7723155
701,29,2,0.0,2,1,0,176943.59,1,1,0,0.06632792
621,26,2,75237.54,1,0,1,44220.4,1,1,0,0.15881805
595,39,7,120962.13,1,0,0,23305.01,1,0,0,0.48999584
717,38,7,97459.06,1,0,0,189175.71,1,1,0,0.39662254
503,37,6,0.0,2,0,0,136506.86,3,1,0,0.089793086
576,46,4,137367.94,1,1,1,33450.11,2,1,0,0.77841395
760,51,2,100946.71,1,0,0,179614.8,1,0,1,0.8815619
841,32,2,117070.21,1,1,0,113482.2,2,1,0,0.51858824
694,37,10,143835.47,1,0,1,33326.71,1,1,0,0.27411422
850,39,6,206014.94,2,0,1,42774.84,3,1,1,0.18509386
689,57,4,0.0,2,1,0,136649.8,3,0,1,0.7880537
521,39,3,146408.68,1,0,0,72993.67,3,0,0,0.5284976
850,36,0,0.0,2,1,0,141242.57,3,1,0,0.099983685
656,41,6,101179.23,2,1,1,35230.61,3,0,0,0.30377367
665,23,9,143672.9,1,1,1,115147.33,1,0,0,0.1890624
748,40,4,0.0,2,1,0,132368.47,3,0,0,0.23244214
850,68,5,169445.4,1,1,1,186335.07,1,1,0,0.22023088
753,36,7,128518.98,1,1,1,44567.83,1,0,1,0.30527905
656,50,7,0.0,2,0,1,72143.44,1,1,0,0.21125814
687,50,5,0.0,2,1,0,110230.4,3,0,0,0.5023932
636,33,0,0.0,1,1,0,92277.47,3,0,1,0.5439378
774,53,4,113709.28,1,1,1,153887.93,1,1,1,0.6770685
577,31,6,0.0,1,1,1,196395.25,3,1,0,0.44104904
531,47,6,0.0,1,0,0,194998.34,1,0,1,0.896576
794,56,9,96951.21,1,1,1,71776.76,1,1,0,0.62571555
713,47,1,0.0,1,1,0,107825.08,3,0,1,0.8898203
569,51,3,0.0,3,1,0,75084.96,3,0,1,0.95362675
827,38,5,0.0,2,0,0,103305.01,1,1,0,0.087845825
613,38,9,126265.88,2,0,0,15859.95,2,1,0,0.35591537
660,24,5,85089.3,1,1,1,71638.0,2,1,0,0.26683316
608,28,4,0.0,2,1,0,10899.63,3,0,1,0.113621436
737,45,10,0.0,2,1,0,1364.54,1,1,0,0.2807858
608,38,8,103653.51,2,1,1,137079.86,2,0,0,0.37024215
535,38,8,85982.07,1,1,0,9238.35,1,1,0,0.35486758
807,60,1,72948.58,2,1,1,17355.36,2,0,0,0.4142903
655,37,8,163708.58,2,0,0,76259.23,3,1,0,0.25231642
850,43,5,129305.09,2,0,1,19244.58,2,1,0,0.35810837
588,37,2,0.0,2,0,1,187816.59,3,1,0,0.06904489
635,29,8,138296.94,2,1,0,141075.51,3,0,0,0.2765855
766,28,3,62717.84,2,1,1,13182.43,2,0,0,0.16559547
799,38,2,0.0,2,1,1,59297.34,3,1,0,0.061767228
637,27,7,135842.89,1,1,1,101418.05,2,0,0,0.43085957
603,42,6,0.0,1,1,1,90437.87,3,0,0,0.5425161
641,41,6,0.0,2,1,0,65396.79,1,1,0,0.10669264
508,43,9,0.0,1,1,0,103726.71,1,0,0,0.76836795
669,37,1,125529.55,1,1,1,162260.93,1,1,0,0.23763886
554,44,7,85304.27,1,1,1,58076.52,1,1,0,0.52215356
646,52,6,111739.4,2,0,1,68367.18,2,0,0,0.62695867
695,40,7,139022.24,1,0,1,193383.13,2,1,0,0.57532763
772,34,7,111565.91,1,1,1,121073.23,2,1,0,0.37510338
762,51,3,99286.98,1,0,1,85578.63,1,0,0,0.7451271
745,28,6,0.0,2,1,0,154389.18,1,0,0,0.1218578
466,47,5,102085.72,1,1,1,183536.24,2,0,1,0.81418645
642,55,7,0.0,2,1,1,101515.76,1,0,0,0.2720885
735,41,7,74135.85,1,1,1,11783.1,1,1,1,0.33597237
691,30,9,0.0,2,0,1,10963.04,3,1,0,0.059725124
705,50,4,77065.9,2,0,1,145159.26,1,0,0,0.6246328
850,34,3,129668.43,2,1,1,88743.99,2,0,0,0.13200307
744,43,10,147832.15,1,0,1,24234.11,1,0,0,0.5977395
420,31,1,108377.75,2,1,1,9904.63,2,0,0,0.33680594
702,29,6,149218.39,1,1,1,9633.01,1,0,0,0.20610188
612,47,6,130024.87,1,1,1,45750.21,2,0,1,0.79724264
670,33,8,126679.69,1,1,1,39451.09,1,1,0,0.15860902
612,43,4,139496.35,2,1,1,77128.23,1,0,0,0.46319175
543,31,4,138317.94,1,0,0,61843.73,1,0,0,0.2819617
584,38,9,104584.16,1,1,0,176678.72,1,1,0,0.3853134
553,27,3,0.0,2,0,0,159800.16,1,0,0,0.11448201
611,61,3,131583.59,4,0,1,66238.23,1,0,1,0.941772
661,51,6,146606.6,1,1,1,68021.9,1,1,0,0.60100013
850,31,3,0.0,2,1,0,121866.87,1,1,0,0.06769921
842,37,4,132446.08,2,1,0,87071.18,1,0,1,0.19917934
511,27,8,0.0,2,1,1,49089.36,1,1,0,0.058819912
516,31,3,0.0,2,1,0,124202.26,3,0,0,0.09975904
493,48,7,0.0,2,1,0,48545.1,3,0,0,0.5480986
850,37,4,137204.77,1,1,1,28865.59,3,1,0,0.24473828
567,29,8,0.0,2,1,0,156125.72,3,1,0,0.06359808
679,34,7,160515.37,1,1,0,121904.14,1,1,0,0.28613904
572,19,1,138657.08,1,1,1,16161.82,2,0,0,0.41405547
606,36,0,94153.56,1,0,1,120138.27,3,1,0,0.25349498
797,24,5,0.0,2,1,0,182257.61,1,1,0,0.06504413
675,36,7,89409.95,1,1,1,149399.7,2,1,0,0.3839052
591,44,10,113581.98,1,1,0,1985.41,2,0,0,0.81802326
671,45,2,106376.85,1,0,1,158264.62,1,1,0,0.6075426
731,37,8,0.0,2,1,1,170338.35,1,1,0,0.076599374
701,43,2,0.0,2,1,1,165303.79,1,1,0,0.13122495
662,72,7,140301.72,1,0,1,179258.67,3,0,0,0.2111856
496,59,7,91680.1,2,1,0,163141.18,2,0,1,0.930683
811,52,10,76915.4,1,0,0,146359.81,2,1,1,0.9084962
638,42,8,145177.84,1,1,0,193471.74,2,1,1,0.7197582
495,34,9,117160.32,1,1,1,116069.24,2,0,1,0.43247738
622,40,4,99799.76,2,1,0,197372.13,1,1,0,0.20995575
607,29,7,102609.0,1,1,0,163257.44,2,1,0,0.42458466
786,24,2,120135.55,2,1,1,125449.47,2,1,0,0.16114648
798,49,5,132571.67,1,1,1,31686.33,2,0,1,0.81052357
559,49,2,147069.78,1,1,0,120540.83,1,1,1,0.80403984
816,34,2,108410.87,2,1,0,102908.91,2,0,0,0.2979167
682,40,4,0.0,2,1,1,140745.91,1,1,0,0.076556616
533,47,9,83347.25,1,1,1,137696.25,1,1,0,0.60091466
651,40,1,134760.21,2,0,0,174434.06,2,1,1,0.295671
395,34,5,106011.59,1,1,1,17376.57,2,0,1,0.5246696
543,30,6,73481.05,1,1,1,176692.65,2,1,0,0.33285832
731,35,2,127862.93,2,1,0,139083.7,2,1,0,0.26380816
739,40,5,149131.03,3,1,1,60036.99,2,1,1,0.93500566
595,30,5,100683.54,1,1,1,178361.04,3,0,0,0.34818518
664,53,7,187602.18,1,1,0,186392.99,3,0,1,0.9029787
639,27,2,0.0,2,0,0,125244.18,1,0,0,0.09937308
683,38,5,127616.56,1,1,0,123846.07,1,0,0,0.43404666
769,73,1,0.0,1,1,1,29792.11,1,0,0,0.12906131
593,32,3,0.0,2,1,1,151978.36,1,0,0,0.10934497
624,45,3,68639.57,1,1,0,168002.31,1,0,1,0.79273826
612,62,0,167026.61,2,1,1,192892.05,3,0,0,0.4246382
548,29,4,0.0,2,0,1,48673.18,1,0,0,0.08974931
525,25,10,0.0,2,1,0,69361.95,3,0,0,0.12857784
805,31,4,0.0,2,1,0,4798.12,1,0,0,0.093869165
465,33,6,0.0,2,1,1,95500.98,3,0,0,0.09467466
706,46,4,105214.58,1,1,0,108699.59,2,0,1,0.87076104
649,70,9,116854.71,2,0,1,107125.79,2,1,0,0.3223104
507,36,4,83543.37,1,0,0,140134.43,1,1,0,0.2952344
561,27,9,135637.0,1,1,0,153080.4,1,0,1,0.3314381
648,39,6,130694.89,2,1,1,153955.38,1,0,1,0.3245344
579,29,10,73194.52,2,1,1,129209.09,1,0,0,0.11754688
650,46,9,149003.76,2,1,0,176902.83,2,0,0,0.63778806
501,24,4,130806.42,2,1,0,80241.14,2,1,0,0.18237983
535,38,8,0.0,2,1,0,136620.64,1,0,0,0.19740766
718,35,8,0.0,2,1,0,94820.85,1,1,0,0.07986306
505,34,10,104498.79,1,0,1,126451.14,1,1,0,0.15153356
631,33,7,0.0,1,1,1,58043.02,1,1,1,0.3071163
473,25,6,110666.42,2,0,0,46758.42,1,0,0,0.18141586
611,34,4,0.0,2,1,0,170950.58,3,1,0,0.06293892
477,57,9,114023.64,2,1,1,71167.17,1,0,1,0.5736961
695,36,4,161533.0,1,1,0,100940.91,1,1,0,0.365081
581,50,4,0.0,2,1,1,80701.72,3,0,0,0.29284805
610,50,5,130554.51,3,1,0,184758.17,3,0,1,0.94853485
636,48,1,170833.46,1,1,0,110510.28,1,0,1,0.83828926
687,35,1,125141.24,2,1,1,148537.07,2,1,0,0.19394928
477,22,5,82559.42,2,0,0,163112.9,1,1,1,0.111390755
494,37,5,107106.33,2,1,0,172063.09,2,1,0,0.29620093
704,44,9,153656.85,1,1,0,158742.81,3,0,0,0.69002354
484,29,4,130114.39,1,1,0,164017.89,1,0,0,0.32496747
537,39,3,135309.36,1,1,0,31728.86,2,1,1,0.6680728
548,37,9,0.0,2,0,0,98029.58,1,0,0,0.18740577
748,60,3,0.0,2,1,1,78194.37,3,1,0,0.17276621
695,44,8,0.0,2,1,1,70974.13,3,1,0,0.13091168
702,23,7,98775.23,1,1,0,114603.96,2,0,0,0.5168136
585,40,7,0.0,2,0,0,146156.98,1,1,0,0.105320506
706,38,5,163034.82,2,1,1,135662.17,2,1,0,0.19074304
850,39,7,79259.99,1,0,1,186910.74,1,0,0,0.41275206
712,42,1,87842.98,1,0,0,92223.59,1,0,0,0.6067186
518,38,10,84764.79,1,1,1,162253.9,1,0,0,0.38315815
569,35,4,93934.63,1,1,0,184748.23,1,0,0,0.37542358
721,32,10,0.0,1,1,0,136119.96,3,0,1,0.50250834
605,39,3,0.0,2,1,0,199390.45,1,1,0,0.1052904
738,49,3,0.0,3,1,1,65066.48,3,1,1,0.9162358
662,22,2,126362.57,2,1,1,97382.8,1,0,0,0.17600021
841,27,8,0.0,1,1,0,171922.72,1,1,0,0.3747599
703,45,7,0.0,2,1,1,68831.72,1,0,0,0.2512606
651,44,2,0.0,3,1,0,102530.35,1,1,1,0.90158117
565,33,8,130368.31,2,1,0,105642.43,2,1,0,0.19489172
565,44,1,0.0,2,0,1,89602.81,1,0,0,0.28307652
521,38,6,0.0,2,1,0,51454.06,1,1,0,0.10829065
714,40,9,46520.69,1,1,1,96687.25,1,1,0,0.4213187
636,28,2,115265.14,1,0,0,191627.85,2,0,0,0.5790426
456,32,9,133060.63,1,1,1,125167.92,2,1,0,0.33491713
686,39,3,111695.62,1,0,0,136643.84,1,0,0,0.5327535
548,32,2,98986.28,1,1,1,55867.38,2,1,0,0.34942266
554,44,9,135814.7,2,0,0,115091.38,1,0,0,0.5278612
649,41,2,125785.23,1,1,1,70523.92,1,0,0,0.44609985
750,38,1,0.0,2,1,0,47764.99,1,0,0,0.18082692
724,41,4,142880.28,3,0,0,185541.2,3,0,1,0.9372853
595,46,10,0.0,1,1,0,73489.15,1,1,1,0.76196676
691,21,3,103000.94,1,1,1,104648.58,3,1,0,0.19502048
807,47,1,95120.59,1,0,0,127875.1,1,1,0,0.75316143
470,30,4,125385.01,1,1,0,68293.93,3,1,0,0.4145576
662,74,6,0.0,2,1,0,123583.85,1,1,0,0.18050227
519,39,2,112957.26,2,1,0,97593.16,1,1,0,0.28539187
755,31,5,0.0,2,0,1,194660.78,1,1,0,0.06640227
593,41,6,0.0,2,1,1,99136.49,1,1,0,0.083408065
713,47,1,95994.98,1,1,0,197529.23,2,1,0,0.8802678
619,28,6,99152.73,2,1,0,48475.12,2,0,0,0.21789697
584,48,2,213146.2,1,1,0,75161.25,3,0,1,0.84059393
641,36,1,0.0,2,1,0,102021.39,3,0,0,0.13758478
602,42,6,158414.85,1,1,1,131886.46,2,0,0,0.63955885
539,39,1,0.0,1,1,1,28184.7,1,1,0,0.46094424
713,32,1,117094.02,1,0,0,149558.83,1,0,1,0.2906674
850,22,7,91560.58,2,0,0,10541.38,2,1,0,0.18808162
642,56,6,103244.86,2,1,0,143049.72,2,0,1,0.9213525
626,33,8,0.0,2,1,0,138504.28,1,1,0,0.062466133
663,46,3,0.0,2,0,1,176276.1,1,1,0,0.16812102
639,27,2,0.0,1,1,1,82938.99,3,0,0,0.33519742
615,41,4,0.0,1,0,1,149278.96,3,1,0,0.46879774
832,61,2,0.0,1,0,1,127804.66,1,1,1,0.5594706
587,55,9,0.0,1,1,0,64593.07,1,1,0,0.9319003
614,44,6,0.0,2,0,1,104930.46,1,1,0,0.16153316
439,66,9,0.0,1,1,0,65535.56,1,0,0,0.92457175
645,44,10,0.0,2,0,1,166707.22,1,1,0,0.15467197
848,40,5,148495.64,1,0,0,158853.98,2,0,0,0.73757774
712,34,1,0.0,2,1,1,195052.12,1,1,0,0.06907913
503,38,1,0.0,2,1,1,95153.24,1,1,0,0.08533047
655,78,2,0.0,2,0,1,188435.38,3,0,0,0.093818635
720,33,2,0.0,2,0,1,141031.08,1,1,0,0.055777747
538,42,1,98548.62,2,0,1,94047.75,2,0,0,0.45854864
715,34,4,124314.45,1,0,0,97782.92,1,1,0,0.22598168
779,48,2,115290.27,1,0,0,98912.69,1,0,1,0.8135362
570,34,10,0.0,2,0,1,183387.12,3,1,0,0.06480819
598,48,6,120682.53,1,1,0,30635.52,1,1,1,0.7557368
850,34,2,0.0,2,0,0,51919.04,1,0,0,0.08949957
717,22,6,101060.25,1,0,1,84699.56,3,0,0,0.22265679
611,53,7,0.0,2,0,1,156495.39,1,0,1,0.365512
731,29,10,0.0,2,1,1,162452.65,1,1,0,0.052726213
756,67,4,0.0,3,1,1,93081.87,1,1,0,0.6353922
605,31,1,117992.59,1,1,1,183598.77,2,0,0,0.51825434
735,28,5,160454.15,2,0,1,114957.22,2,1,0,0.15242843
810,35,3,96814.46,2,1,1,120511.03,2,1,0,0.13453268
727,21,8,153344.72,1,1,1,163295.87,2,1,0,0.2731434
757,71,0,88084.13,2,1,1,154337.47,1,0,0,0.2800257
741,35,1,0.0,2,1,0,36557.55,1,0,0,0.13045909
657,75,7,126273.95,1,0,1,91673.6,3,1,0,0.1612827
758,40,5,93499.82,2,0,0,123218.81,3,0,0,0.4053177
714,29,9,0.0,2,1,0,129192.55,3,1,0,0.06373174
550,31,5,142200.19,2,1,1,122221.71,1,1,0,0.11518434
778,29,6,150358.97,1,1,0,62454.01,2,0,1,0.54780763
788,49,4,137455.99,1,1,0,184178.29,2,0,1,0.90628934
618,35,10,0.0,2,1,0,180439.75,1,0,0,0.18636797
462,39,4,140133.08,2,0,0,131304.45,1,1,0,0.24630198
465,33,8,0.0,2,1,0,177668.55,1,1,0,0.08777874
728,42,8,0.0,2,0,1,41823.22,3,1,0,0.09335106
794,57,3,117056.46,1,1,0,93336.93,2,1,1,0.9497047
730,34,1,0.0,2,1,1,126592.01,1,1,0,0.05284981
633,38,2,91902.56,2,1,1,107673.35,1,1,0,0.18952744
850,36,1,104077.19,2,0,1,68594.0,1,1,0,0.12083774
704,47,5,0.0,2,1,1,145338.61,1,1,0,0.19969943
698,27,1,94920.71,1,1,1,40339.9,1,0,0,0.17595808
635,37,9,146748.07,1,0,1,11407.58,2,0,0,0.5342256
674,22,3,0.0,1,1,1,173940.59,1,1,0,0.29906067
573,50,0,159304.07,1,0,1,155915.24,3,1,1,0.55893
799,63,1,110314.21,2,1,0,37464.0,1,0,1,0.8773318
548,46,1,0.0,1,1,1,104469.06,1,0,1,0.73485494
673,37,10,0.0,2,1,1,37411.35,1,0,0,0.1870704
660,28,2,170890.05,2,1,0,41758.9,2,1,0,0.18810001
558,36,0,126606.63,2,1,1,172363.52,2,0,0,0.34266323
724,32,6,0.0,2,1,1,150026.79,1,0,0,0.11071549
689,29,1,77556.79,2,1,1,122998.26,1,0,0,0.13275434
620,70,3,87926.24,2,1,0,33350.26,1,0,1,0.80553293
664,54,8,0.0,1,1,1,162719.69,1,1,1,0.66721165
702,32,8,71667.74,1,1,1,126082.18,3,1,0,0.237549
750,36,8,112940.07,1,0,1,9855.81,3,0,0,0.34026077
682,32,2,105163.88,2,1,1,164170.46,2,1,0,0.15977259
610,42,6,0.0,2,1,0,158302.59,3,1,1,0.10816881
443,44,2,0.0,1,1,0,159165.7,1,1,0,0.76014864
686,47,5,113328.93,1,1,0,124170.9,1,0,0,0.80703574
850,28,1,105245.34,1,0,1,74780.13,1,0,0,0.15235195
438,38,2,0.0,2,1,0,136859.55,1,1,0,0.11246681
682,48,7,0.0,2,1,0,65069.03,1,0,0,0.41960838
568,43,5,87612.64,4,1,1,107155.4,2,1,1,0.9532899
703,45,1,0.0,1,1,0,182784.11,3,0,1,0.84276974
709,23,10,0.0,2,0,0,129590.18,3,1,0,0.06523841
553,38,3,99844.68,1,0,0,187915.7,1,1,0,0.4212188
791,28,4,0.0,1,1,0,174435.48,1,1,0,0.37669644
416,35,8,0.0,1,0,0,119712.78,3,1,0,0.5413214
614,43,8,140733.74,1,1,1,166588.76,2,1,0,0.6752076
716,42,8,0.0,2,1,0,180800.42,3,1,0,0.1264289
547,44,5,0.0,3,0,0,5459.07,3,0,1,0.92469597
846,41,5,0.0,3,1,0,3440.47,1,0,1,0.54227394
631,33,4,123246.7,1,0,0,112687.57,2,0,0,0.5903096
515,33,2,0.0,2,1,1,136028.97,1,1,0,0.060582265
607,40,5,90594.55,1,0,1,181598.25,2,1,0,0.60539955
739,19,5,89750.21,1,1,0,193008.52,3,1,0,0.35446095
680,36,7,0.0,2,1,0,20109.21,3,1,0,0.08042769
747,37,9,135776.36,3,1,0,85470.45,2,1,1,0.9552572
850,42,8,119839.69,1,0,1,51016.02,2,1,1,0.49878263
640,62,3,0.0,1,1,1,101663.47,3,1,0,0.5683238
563,34,6,139810.34,1,1,1,152417.79,1,0,0,0.2609318
731,33,5,137388.01,2,1,0,165000.68,3,0,0,0.2861749
497,32,8,0.0,2,1,0,67364.42,1,1,0,0.07591029
674,36,2,154525.7,1,0,1,27468.72,1,1,0,0.2458625
634,37,3,111432.77,2,1,1,167032.49,2,1,0,0.27178186
516,47,9,128298.74,1,0,0,149614.17,2,0,1,0.8961965
689,39,7,0.0,2,0,0,14917.09,1,1,0,0.08698841
750,33,2,152302.72,1,1,0,71333.44,1,1,0,0.27711546
